-1.0,0.0,0.01,0.02,0.03,0.04,0.05,0.06,0.07,0.08,0.09,0.1,0.11,0.12,0.13,0.14,0.15,0.16,0.17,0.18,0.19,0.2,0.21,0.22,0.23,0.24,0.25,0.26,0.27,0.28,0.29,0.3,0.31,0.32,0.33,0.34,0.35000000000000003,0.36,0.37,0.38,0.39,0.4,0.41000000000000003,0.42,0.43,0.44,0.45,0.46,0.47000000000000003,0.48,0.49,0.5,0.51,0.52,0.53,0.54,0.55,0.56,0.5700000000000001,0.58,0.59,0.6,0.61,0.62,0.63,0.64,0.65,0.66,0.67,0.68,0.6900000000000001,0.7000000000000001,0.71,0.72,0.73,0.74,0.75,0.76,0.77,0.78,0.79,0.8,0.81,0.8200000000000001,0.8300000000000001,0.84,0.85,0.86,0.87,0.88,0.89,0.9,0.91,0.92,0.93,0.9400000000000001,0.9500000000000001,0.96,0.97,0.98,0.99,1.0
0.97,1.0,0.987868478780152,0.9770252749795528,0.9673552631856142,0.9587551042943602,0.9511317239528955,0.9444010243167414,0.9384867885681737,0.9333197454860623,0.9288367675347958,0.924980180834449,0.9216971692757234,0.9189392581704624,0.9166618653488511,0.9148239096558848,0.9133874684615497,0.9123174771582246,0.9115814647353115,0.9111493204422636,0.9109930873143189,0.9110867789699678,0.9114062166191261,0.9119288836650535,0.9126337956564927,0.9135013836615565,0.9145133894016385,0.9156527707100616,0.9169036160730939,0.9182510671756726,0.9196812485152802,0.9211812032685809,0.9227388346996801,0.924342852488871,0.9259827234385388,0.9276486260803002,0.9293314087660054,0.9310225508761469,0.9327141268235546,0.9343987725689985,0.9360696543991047,0.9377204397466102,0.9393452698588748,0.9409387341433042,0.9424958460382653,0.9440120202755786,0.945483051416059,0.946905093553075,0.9482746410909911,0.9495885105158001,0.9508438230844327,0.9520379883673152,0.9531686885858427,0.9542338636926675,0.9552316971481986,0.9561606023515031,0.9570192096880343,0.9578063541603121,0.9585210635709291,0.9591625472301002,0.959730185162462,0.9602235177899996,0.9606422360699151,0.9609861720678603,0.9612552899484759,0.9614496773663986,0.9615695372420449,0.9616151799074295,0.9615870156081472,0.9614855473483739,0.9613113640664153,0.9610651341289018,0.9607475991322398,0.9603595680003867,0.9599019113684232,0.9593755562417575,0.9587814809211227,0.9581207101838495,0.9573943107121453,0.9566033867593843,0.9557490760456587,0.9548325458740475,0.9538549894592958,0.9528176224608046,0.9517216797120074,0.9505684121384426,0.9493590838569893,0.9480949694489474,0.9467773513998088,0.9454075176987675,0.9439867595911859,0.9425163694774273,0.9409976389516357,0.9394318569742366,0.937820308172093,0.9361642712604532,0.9344650175809817,0.9327238097503578,0.9309419004140955,0.9291205311004108,0.9272609311691328,0.9253643168508454
0.971,1.0,0.9879563762440242,0.9772003950945238,0.9676168856399587,0.959102460897703,0.9515639968516791,0.9449173447372993,0.9390862360300826,0.9340013474365656,0.9295994993615874,0.9258229662193107,0.9226188808556932,0.9199387184766256,0.9177378479955982,0.9159751407557639,0.9146126282427206,0.9136152017630962,0.9129503481802905,0.912587916719692,0.9124999126186819,0.9126603140313703,0.9130449091278443,0.9136311507717426,0.914398026533333,0.9153259421103394,0.9163966164954329,0.9175929874557927,0.9188991260829954,0.920300159336237,0.9217821996429939,0.9233322807423554,0.9249382990605758,0.9265889599983479,0.9282737285871259,0.9299827840392305,0.9317069777750154,0.9334377945612751,0.9351673164394166,0.9368881891606371,0.9385935908791269,0.9402772028839204,0.9419331821758928,0.9435561357191186,0.945141096215714,0.9466834992707641,0.9481791618293018,0.9496242617807726,0.9510153186382994,0.9523491752104655,0.953622980192485,0.9548341716117024,0.9559804610694116,0.9570598187271998,0.9580704589914858,0.9590108268546927,0.959879584855702,0.9606756006259044,0.9613979349903912,0.9620458305966493,0.9626187010455818,0.9631161205018415,0.9635378137623448,0.9638836467634702,0.9641536175089019,0.9643478474013082,0.9644665729621594,0.9645101379249401,0.9644789856878447,0.9643736521127844,0.9641947586581762,0.9639430058335514,0.9636191669645309,0.9632240822571406,0.9627586531508718,0.9622238369502174,0.9616206417247569,0.9609501214681638,0.9602133715067677,0.9594115241485704,0.9585457445638491,0.9576172268887049,0.956627190543136,0.955576876755416,0.9544675452847622,0.9533004713344786,0.9520769426479494,0.9507982567800436,0.9494657185366849,0.9480806375755403,0.9466443261609289,0.9451580970662872,0.9436232616176664,0.9420411278719537,0.9404129989236679,0.9387401713343793,0.9370239336789757,0.9352655652031784,0.9334663345868871,0.9316274988081293,0.9297503021025312,0.9278359750134346
0.972,1.0,0.9880446565941867,0.9773762860665093,0.9678796705096023,0.9594513736373601,0.9519982204132024,0.9454360098591942,0.9396884205123922,0.9346860758349808,0.9303657430586084,0.9266696438353651,0.9235448589672088,0.9209428126113617,0.918818823878228,0.917131715778928,0.9158434731405891,0.9149189424660201,0.9143255678304261,0.9140331578286035,0.9140136793489271,0.9142410745849405,0.9146910982251569,0.9153411722056277,0.9161702557831739,0.9171587290022089,0.9182882878947516,0.9195418499796816,0.9209034688201672,0.9223582565629255,0.9238923135240693,0.9254926640074583,0.9271471976457396,0.9288446156442685,0.9305743813858848,0.9323266749219611,0.9340923509336458,0.9358628997981422,0.9376304114392028,0.9393875416797007,0.9411274808479351,0.942843924418894,0.9445310454975666,0.9461834689740892,0.9477962472003988,0.9493648370555237,0.9508850782819713,0.952353172989136,0.9537656662314787,0.9551194275796178,0.9564116336116057,0.9576397512596817,0.9588015219548272,0.9598949465176516,0.9609182707495335,0.9618699716827206,0.96274874445225,0.9635534897562021,0.9642833018740002,0.9649374572152591,0.9655154033741251,0.9660167486661918,0.9664412521269317,0.9667888139522016,0.9670594663628188,0.9672533648764056,0.967370779970822,0.9674120891244095,0.9673777692191078,0.9672683892932433,0.9670846036313882,0.9668271451792684,0.9664968192721959,0.9660944976659207,0.9656211128592079,0.9650776526977759,0.9644651552495844,0.963784703941723,0.9630374229494341,0.9622244728280578,0.9613470463789259,0.9604063647404417,0.959403673695816,0.9583402401891349,0.9572173490416201,0.9560362998601658,0.9547984041304112,0.9535049824868126,0.9521573621523589,0.9507568745407735,0.9493048530142315,0.9478026307897959,0.9462515389879926,0.9446529048170993,0.9430080498869265,0.941318288646057,0.9395849269366822,0.9378092606613685,0.9359925745562633,0.934136141065437,0.9322412193112296,0.9303090541556528
0.973,1.0,0.9881333212014727,0.9775529507010708,0.9681436220829716,0.9598018483177162,0.9524344019765488,0.9459570285612838,0.9402933524258399,0.9353739426037537,0.9311355120282712,0.9275202285224001,0.9244751198347225,0.9219515581216956,0.9199048117956239,0.91829365469754,0.9170800242149229,0.9162287213223719,0.9157071466391519,0.9154850675181643,0.9155344119436054,0.9158290856490037,0.9163448093970312,0.9170589738063878,0.9179505094843788,0.918999770538777,0.9201884298092569,0.9214993843851116,0.9229166701688487,0.9244253844099857,0.9260116152744695,0.9276623776363078,0.9293655543822722,0.9311098426105373,0.9328847041819167,0.9346803201497781,0.9364875486532389,0.9382978859091576,0.9401034299827422,0.9418968470553073,0.943671339941452,0.9454206186375187,0.9471388727090108,0.948820745347348,0.9504613089461852,0.9520560420649586,0.9536008076626334,0.9550918324980565,0.9565256876051211,0.957899269761311,0.959209783877295,0.9604547262432279,0.9616318685744301,0.9627392428052745,0.9637751265854864,0.9647380294378163,0.965626679540163,0.966440011098854,0.9671771522829733,0.9678374136923643,0.968420277334392,0.968925386086617,0.9693525336244123,0.9697016547941285,0.9699728164138242,0.9701662084847886,0.970282135798166,0.9703210099218725,0.9702833415538664,0.9701697332284814,0.969980872363199,0.9697175246337568,0.9693805276659837,0.968970785033178,0.9684892605482468,0.9679369728401337,0.9673149902044266,0.9666244257182811,0.9658664326100953,0.9650421998746032,0.964152948124294,0.963199925668287,0.9621844048100229,0.96110767835531,0.9599710563224966,0.9587758628467274,0.9575234332704348,0.9562151114124188,0.9548522470080576,0.9534361933133841,0.9519683048659565,0.950449935395637,0.9488824358785894,0.9472671527279977,0.9456054261151828,0.9438985884150096,0.9421479627696381,0.9403548617648769,0.9385205862135806,0.9366464240407102,0.9347336492648709,0.932783521071309
0.974,1.0,0.988222371440598,0.9777303918119197,0.9684087446611763,0.9601538907605157,0.9528725489028649,0.9464804097491126,0.9409010422122813,0.936064959700589,0.9319088197120051,0.9283747351625116,0.9254096797277392,0.9229649726018392,0.9209958305953144,0.9194609775331419,0.9183223025748415,0.9175445604360523,0.9170951076067837,0.9169436695819398,0.9170621348823506,0.9174243722788186,0.9180060681613956,0.9187845814398938,0.9197388137349664,0.9208490929340357,0.9220970684530252,0.9234656167712716,0.9249387559998842,0.9265015684085425,0.9281401299768341,0.9298414461573964,0.9315933931424094,0.9333846640149946,0.9352047192448625,0.9370437410549866,0.9388925912445902,0.9407427721046348,0.9425863901063122,0.9444161220817242,0.9462251836496762,0.9480072996690693,0.9497566765281864,0.9514679761008392,0.9531362912201728,0.9547571225383333,0.9563263566554931,0.9578402454151296,0.959295386274218,0.9606887036673478,0.9620174312928317,0.9632790952568351,0.9644714980185429,0.9655927030854976,0.9666410204136064,0.9676149924710185,0.9685133809291753,0.9693351539479467,0.9700794740248897,0.9707456863814172,0.9713333078610716,0.9718420163171407,0.9722716404687306,0.9726221502059387,0.9728936473261716,0.9730863566848617,0.9732006177448568,0.9732368765096816,0.973195677826667,0.9730776580466315,0.9728835380274059,0.972614116469046,0.9722702635690292,0.9718529149861681,0.9713630661023556,0.9708017665715815,0.9701701151459854,0.9694692547689888,0.9687003679258139,0.9678646722419494,0.9669634163203465,0.9659978758083706,0.9649693496857253,0.9638791567647965,0.9627286323950588,0.9615191253633817,0.9602519949822866,0.9589286083583877,0.9575503378334518,0.9561185585907146,0.9546346464192644,0.9530999756295276,0.9515159171130523,0.9498838365400152,0.9482050926880343,0.9464810358960939,0.9447130066375587,0.9429023342064576,0.9410503355114034,0.9391583139717042,0.9372275585104065,0.9352593426391993
0.975,1.0,0.9883118086901631,0.9779086122209274,0.9686750425580315,0.960507506804897,0.9533126685754101,0.9470061623549642,0.9415115003447464,0.9367591391185089,0.9326856795903139,0.9292331786801528,0.9263485549608563,0.9239830736932104,0.9220918991734723,0.9206337043566306,0.9195703293787535,0.9188664819593879,0.9184894737803705,0.9184089878577044,0.9185968726856314,0.9190269595662711,0.9196749000677792,0.9205180209977839,0.9215351946521156,0.922706722413797,0.9240142300439217,0.9254405732324633,0.9269697521699661,0.9285868340657744,0.9302778826795968,0.93202989405435,0.9338307377425318,0.9356691029083727,0.9375344487658145,0.9394169588797907,0.9413074989167942,0.9431975774816175,0.9450793097214477,0.9469453834171725,0.948789027315488,0.9506039814849283,0.952384469504744,0.9541251723181898,0.9558212036016019,0.9574680865180236,0.9590617317393995,0.9605984166347254,0.962074765533297,0.9634877309824943,0.964834575928578,0.9661128567569112,0.96732040713496,0.9684553226075249,0.9695159458989827,0.9705008528819951,0.9714088391762111,0.9722389073440644,0.9729902546538775,0.9736622613831997,0.9742544796376793,0.9747666226628102,0.9751985546277303,0.9755502808617526,0.9758219385257145,0.9760137877013989,0.9761262028832846,0.9761596648578081,0.9761147529560942,0.9759921376667678,0.9757925735961016,0.9755168927632348,0.975165998218701,0.974740857974893,0.9742424992374782,0.9736720029271015,0.9730304984810269,0.9723191589246525,0.9715391962030828,0.970691856763199,0.9697784173768994,0.9688001811963965,0.9677584740326867,0.9666546408485069,0.9654900424573036,0.9642660524199347,0.9629840541310429,0.9616454380872173,0.9602515993292684,0.9588039350511466,0.9573038423682162,0.9557527162378071,0.954151947525165,0.9525029212081036,0.9508070147138761,0.9490655963819793,0.9472800240467786,0.9454516437340703,0.9435817884658607,0.941671777167859,0.9397229136743463,0.9377364858253058
0.976,1.0,0.9884016343326618,0.9780876147581523,0.9689425201000915,0.9608627023074375,0.9537547683996003,0.9475342953379163,0.9421247373274991,0.93745649288591,0.9334661051828302,0.9300955740421831,0.9272917618937979,0.925005879084454,0.9231930364749122,0.921811855288224,0.9208241258342964,0.9201945080930272,0.9198902682535516,0.9198810462272421,0.9201386499145079,0.9206368726395738,0.9213513306969436,0.9222593183970333,0.9233396783716734,0.9245726852151356,0.9259399408029729,0.9274242798574073,0.9290096845208752,0.9306812068640906,0.9324248983961009,0.9342277457649868,0.9360776119421668,0.9379631822732524,0.9398739148562337,0.9417999947751707,0.9437322917760954,0.9456623210227082,0.947582206613758,0.9494846475826372,0.9513628861334622,0.9532106778974085,0.955022264018865,0.9567923449035796,0.9585160554807635,0.9601889418484792,0.96180693918686,0.9633663508370655,0.964863828455574,0.9662963531637123,0.9676612176212964,0.9689560089611875,0.9701785925284607,0.9713270963739502,0.9723998964572549,0.9733956025188869,0.9743130445853424,0.9751512600743671,0.9759094814708149,0.9765871245461497,0.9771837770970115,0.9776991881802809,0.9781332578238671,0.9784860271939632,0.9787576692008714,0.9789484795266378,0.9790588680587713,0.9790893507151762,0.9790405416462141,0.9789131458004627,0.9787079518413392,0.9784258254022569,0.9780677026684583,0.9776345842740537,0.9771275295031784,0.976547650784495,0.9758961084685799,0.9751741058779991,0.9743828846201551,0.9735237201532079,0.9725979175956251,0.9716068077701213,0.9705517434729815,0.9694340959599556,0.9682552516401269,0.9670166089693711,0.9657195755351959,0.9643655653249945,0.9629559961699047,0.9614922873567084,0.9599758574003661,0.9584081219700169,0.9567904919614615,0.9551243717093346,0.9534111573324063,0.9516522352056171,0.9498489805526811,0.9480027561532665,0.9461149111589835,0.9441867800125837,0.9422196814649935,0.9402149176849691
0.977,1.0,0.9884918497544931,0.9782674022618499,0.9692111816266742,0.9612194831421824,0.9541988558030561,0.9480648176838923,0.9427407636960933,0.9381570330666281,0.9342501100483733,0.9309619362579177,0.9282393169314556,0.9260334065114628,0.9242992614930877,0.9229954504974317,0.9220837131982658,0.9215286610858379,0.9212975141664065,0.921359868616153,0.9216874911703774,0.9222541366629553,0.9230353856605151,0.9240084995795225,0.9251522910476574,0.9264470075858203,0.9278742269537339,0.9294167627285422,0.9310585788787156,0.9327847122603021,0.9345812021037083,0.9364350256803702,0.93833403944299,0.9402669250230153,0.9422231395468582,0.9441928697997596,0.9461669898247348,0.9481370215948931,0.9500950984417377,0.9520339309606748,0.9539467751486812,0.9558274025585797,0.9576700722801111,0.9594695045806226,0.9612208560579198,0.9629196961751859,0.9645619850630655,0.9661440524873138,0.9676625778921149,0.9691145714394015,0.9704973559734809,0.971808549848147,0.9730460505603327,0.9742080191403911,0.9752928652543589,0.9762992329781658,0.9772259872077677,0.9780722006726952,0.978837141523558,0.9795202614667161,0.9801211844216292,0.9806396956784217,0.9810757315349418,0.9814293693940995,0.9817008183036126,0.9818904099213865,0.981998589890805,0.9820259096110093,0.9819730183880403,0.9818406559533567,0.9816296453368089,0.9813408860816657,0.9809753477897365,0.9805340639850214,0.9800181262846932,0.9794286788665174,0.9787669132221457,0.9780340631859538,0.9772314002293823,0.9763602290109729,0.9754218831724967,0.9744177213718442,0.9733491235435211,0.9722174873778094,0.9710242250099005,0.9697707599104469,0.968458523969256,0.9670889547639976,0.9656634930060338,0.9641835801556735,0.9626506561993552,0.9610661575814732,0.9594315152837722,0.9577481530454222,0.9560174857171124,0.9542409177426933,0.9524198417621087,0.950555637329557,0.9486496697410214,0.9467032889655281,0.9447178286746544,0.9426946053650431
0.978,1.0,0.9885824563459653,0.9784479775784924,0.969481031489887,0.9615778552006897,0.9546449382356514,0.9485977384057165,0.9433595900174324,0.9388607717599903,0.9350377077850028,0.9318322803791749,0.9291912365239194,0.9270656737573932,0.9254105932700883,0.9241845102030213,0.9233491127765557,0.9228689632348002,0.9227112347053045,0.9228454789936531,0.9232434210947217,0.9238787768363478,0.9247270906006111,0.925765590511601,0.9269730588517513,0.9283297157837481,0.929817114721651,0.9314180479213219,0.9331164610531442,0.9348973756847883,0.9367468187429078,0.9386517581438568,0.9406000438878218,0.9425803540007959,0.9445821447866135,0.9465956049187161,0.9486116129597967,0.9506216979483701,0.952618002735584,0.9545932497942246,0.956540709255552,0.9584541689590984,0.9603279063262767,0.9621566618912519,0.9639356143422281,0.9656603569436459,0.9673268752249216,0.9689315258346749,0.9704710164710089,0.9719423868086563,0.9733429903527017,0.9746704771564607,0.9759227773479178,0.9770980854151359,0.9781948452062871,0.9792117356045086,0.9801476568418088,0.981001717419685,0.981773221607185,0.9824616574897306,0.9830666855443546,0.9835881277189454,0.984025956994859,0.9843802874137068,0.9846513645504678,0.9848395564161577,0.9849453447742921,0.9849693168562026,0.9849121574610181,0.984774641426757,0.9845576264595409,0.9842620463084314,0.9838889042738389,0.9834392670378261,0.9829142588050086,0.9823150557430281,0.9816428807119227,0.9808989982719301,0.9800847099595688,0.9792013498220399,0.9782502802002383,0.9772328877508956,0.9761505796985729,0.975004780308448,0.9737969275710469,0.9725284700902813,0.9712008641663521,0.9698155710653046,0.9683740544672084,0.9668777780851585,0.9653282034474896,0.9637267878358263,0.9620749823717634,0.9603742302452287,0.9586259650777491,0.9568316094140652,0.9549925733357619,0.9531102531907594,0.9511860304327475,0.9492212705648259,0.9472173221818314,0.9451755161060289
0.979,1.0,0.9886734555013071,0.9786293435627905,0.9697520740546605,0.9619378243920624,0.9550930231695536,0.9491330665431672,0.9439812268898269,0.939567721100878,0.9358289120300775,0.932706621500323,0.9301475371665195,0.9281026986526854,0.9265270508966302,0.9253790546729822,0.9246203459240827,0.9242154368848993,0.9241314531027527,0.9243379013723694,0.9248064643688486,0.9255108183950751,0.9264264711894652,0.9275306171836466,0.9288020079728009,0.9302208360763677,0.931768630333423,0.9334281615035092,0.9351833568365998,0.9370192225406601,0.9389217732164171,0.9408779674501447,0.9428756488596237,0.9449034919784255,0.9469509524415191,0.9490082210025984,0.9510661809720554,0.9531163687153751,0.9551509368960109,0.9571626201854239,0.9591447031966251,0.9610909904270437,0.9629957780222493,0.9648538271946109,0.966660339150678,0.9684109313983585,0.9701016153200958,0.9717287749115068,0.9732891465965577,0.9747798000405352,0.9761981198909667,0.9775417883844503,0.9788087687641683,0.9799972894588148,0.9811058289788693,0.9821331014907015,0.9830780430329311,0.9839397983429174,0.9847177082642654,0.9854112977088033,0.9860202641487957,0.9865444666170596,0.9869839151944068,0.987338760965254,0.9876092864235604,0.9877958963123223,0.9878991088808303,0.9879195475447151,0.9878579329345292,0.987715075319251,0.9874918673916251,0.9871892774027656,0.986808342633854,0.9863501631931574,0.9858158961269429,0.9852067498331555,0.9845239787670386,0.9837688784281304,0.9829427806183245,0.9820470489609123,0.9810830746707836,0.9800522725661331,0.9789560773122981,0.977795939888513,0.9765733242686181,0.9752897043069471,0.9739465608208321,0.9725453788613921,0.9710876451644552,0.969574845773703,0.968008463828313,0.9663899775076144,0.9647208581254624,0.9630025683672652,0.9612365606628003,0.9594242756881873,0.9575671409905764,0.9556665697293361,0.9537239595277371,0.9517406914293253,0.949718128953396,0.9476576172441845
0.98,1.0,0.9887648486186713,0.9788115030777035,0.970024313698771,0.9622993966429916,0.955543118099276,0.9496708111630294,0.9446056849430496,0.940277893259784,0.9366237364603054,0.9335849747583316,0.931108235399855,0.9291444990750791,0.9276486535120533,0.9265791042244957,0.9258974340447226,0.9255681044290142,0.9255581926372405,0.9258371598081362,0.9263766457136371,0.9271502866095322,0.9281335531290478,0.9293036056096227,0.9306391646163035,0.9321203947401057,0.933728800016356,0.9354471295344636,0.9372592920035243,0.9391502782029226,0.9411060903882821,0.9431136778443169,0.9451608778804866,0.947236361655382,0.949329584293593,0.9514307388262355,0.9535307135448201,0.9556210524090095,0.9576939181930676,0.9597420580944231,0.9617587715614178,0.9637378801267557,0.9656736990588718,0.9675610106659519,0.9693950391070285,0.9711714265818161,0.9728862107860674,0.974535803532443,0.9761169704484729,0.9776268116733456,0.9790627434840937,0.980422480789555,0.9817040204372267,0.9829056252840825,0.9840258089875735,0.9850633214775532,0.9860171350737811,0.9868864312170745,0.9876705877851462,0.9883691669667368,0.9889819036698907,0.9895086944421395,0.9899495868820551,0.9903047695230617,0.9905745621716584,0.990759406683286,0.9908598581600073,0.9908765765549791,0.9908103186694164,0.9906619305283382,0.9904323401219463,0.9901225504999516,0.9897336332065833,0.9892667220443824,0.9887230071552483,0.9881037294074705,0.9874101750777997,0.986643670817858,0.985805578894435,0.9848972926934726,0.9839202324777384,0.9828758413884469,0.9817655816812786,0.9805909311874696,0.9793533799908688,0.9780544273120575,0.9766955785908559,0.9752783427587305,0.9738042296928677,0.9722747478438576,0.9706914020291671,0.9690556913848042,0.967369107467776,0.9656331325021722,0.963849237761926,0.9620188820835164,0.9601435105020883,0.9582245530047058,0.9562634233946349,0.9542615182607991,0.9522202160467367,0.950140876213616
0.981,1.0,0.9888566371001475,0.9789944589944645,0.9702977548128711,0.9626625778977891,0.955995230541723,0.9502109813591472,0.9452329748383979,0.9409913004428698,0.9374221947918039,0.9344673553328148,0.9320733478098324,0.9301910929496302,0.9287754203043127,0.9277846792238936,0.9271803985912348,0.9269269883078086,0.9269914766330818,0.9273432783997896,0.9279539898892702,0.9287972067848675,0.9298483621506825,0.9310845818266317,0.9324845550038956,0.9340284180597862,0.9356976499977152,0.9374749780644261,0.9393442923095835,0.9412905680176276,0.9432997950829748,0.9453589135208795,0.9474557544106224,0.9495789856577295,0.9517180620397566,0.9538631790675982,0.9560052302527804,0.9581357674220693,0.9602469637649561,0.9623315793382018,0.9643829287852395,0.9663948510576783,0.9683616809518124,0.9702782222955408,0.9721397226407604,0.9739418493335055,0.9756806668491963,0.9773526152935262,0.9789544899810897,0.9804834220139392,0.9819368597911033,0.9833125513878249,0.9846085277500163,0.9858230866553233,0.9869547773973216,0.988002386153831,0.9889649220042456,0.9898416035641261,0.9906318462082652,0.9913352498559663,0.9919515872944752,0.992480793018423,0.9929229525647804,0.9932782923242515,0.9935471698112479,0.9937300643756847,0.9938275683407124,0.9938403785513359,0.9937692883195292,0.9936151797520846,0.993379016447941,0.9930618365522031,0.9926647461544889,0.9921889130195813,0.9916355606387249,0.9910059625901805,0.9903014371979496,0.9895233424778332,0.9886730713602433,0.9877520471794052,0.9867617194188477,0.9857035597032608,0.9845790580270554,0.9833897192101665,0.9821370595718347,0.9808226038133584,0.9794478821009893,0.9780144273403765,0.9765237726341894,0.974977448914751,0.9733769827437515,0.9717238942713252,0.9700196953469898,0.9682658877751924,0.9664639617083975,0.9646153941709046,0.9627216477067819,0.9607841691455433,0.9588043884793979,0.956783717846132,0.9547235506118907,0.9526252605483454
0.982,1.0,0.9889488223517687,0.9791782141925911,0.9705724018005151,0.9630273741184292,0.9564493680362348,0.9507535862524824,0.9458631072687451,0.941707954892025,0.9382243007801527,0.9353537784460794,0.9330428910276967,0.9312424982487258,0.9299073705099699,0.9289958000866213,0.9284692610651923,0.928292111009615,0.928431328460258,0.9288562812889537,0.9295385216949749,0.9304516042606573,0.9315709240146619,0.9328735718944623,0.9343382053728352,0.935944932328043,0.9376752065040733,0.9395117331338002,0.9414383834908813,0.9434401173010274,0.9455029120844833,0.9476136986227996,0.9497603018473478,0.9519313865370596,0.9541164072907351,0.9563055623066679,0.9584897505608504,0.9606605320258693,0.9628100906168513,0.9649311995893904,0.9670171891480219,0.9690619160532069,0.9710597350404402,0.9730054718875686,0.9748943979860314,0.9767222062889187,0.9784849885237915,0.9801792135713547,0.9818017069225892,0.983349631137025,0.9848204672336215,0.9862119969534227,0.9875222858398512,0.9887496670883712,0.9898927261223267,0.9909502858562195,0.9919213926115288,0.9928053026535306,0.9936014693204794,0.9943095307190187,0.9949292979618694,0.9954607439257274,0.9959039925089113,0.9962593083697181,0.9965270871276313,0.9967078460106026,0.9968022149324804,0.9968109279854863,0.9967348153332866,0.9965747954907941,0.9963318679773709,0.996007106330531,0.9956016514676552,0.9951167053835943,0.9945535251723499,0.9939134173613294,0.9931977325469359,0.99240786032053,0.9915452244740258,0.9906112784746341,0.9896075011984763,0.9885353929130444,0.9873964714986663,0.9861922688993937,0.9849243277939091,0.983594198477309,0.9822034359447925,0.9807535971685595,0.9792462385593914,0.9776829136046549,0.9760651706746644,0.9743945509895847,0.972672586739261,0.9709007993486272,0.9690806978815144,0.9672137775759772,0.9653015185044159,0.9633453843520567,0.9613468213075204,0.9593072570594895,0.9572280998936517,0.9551107378843552
0.983,1.0,0.9890414057835172,0.9793627715599119,0.970848259078191,0.9633937912845839,0.9569055381446363,0.9512986349911595,0.9464960929586027,0.9424278688849252,0.939030068220447,0.9362442593631722,0.9340168817300674,0.9322987329921,0.9310445234141836,0.9302124872772001,0.9297640430169046,0.9296634950703212,0.9298777715342548,0.9303761926598336,0.9311302659687489,0.9321135044105795,0.9333012645098583,0.9346706018951382,0.9362001419754816,0.9378699638447348,0.9396614957606528,0.9415574207724285,0.9435415912631719,0.9455989513387235,0.947715466135401,0.9498780572405385,0.9520745435240687,0.9542935867694299,0.9565246415699558,0.9587579090243055,0.9609842938230138,0.9631953643690759,0.9653833156197218,0.9675409343750916,0.9696615667731511,0.9717390877795407,0.9737678724867049,0.9757427690590689,0.9776590731806418,0.9795125038785738,0.9812991806112019,0.9830156015222384,0.9846586227742372,0.9862254388844923,0.9877135639952994,0.9891208140181439,0.9904452895980659,0.9916853598502483,0.9928396468259497,0.9939070106692935,0.9948865354302519,0.9957775155024637,0.9965794426574182,0.9972919936489907,0.9979150183644867,0.9984485285001885,0.9988926867409927,0.9992477964251203,0.9995142916760444,0.9996927279848141,0.9997837732268419,0.999788199097964,0.9997068729552612,0.9995407500486952,0.9992908661301151,0.9989583304266323,0.9985443189657658,0.9980500682400821,0.9974768691994171,0.9968260615590097,0.996099028412192,0.9952971911365092,0.9944220045823948,0.9934749525337584,0.9924575434300829,0.9913713063398267,0.9902177871751854,0.9889985451384438,0.9877151493904177,0.9863691759316666,0.9849622046874051,0.9834958167872616,0.981971592031245,0.9803911065335409,0.9787559305359392,0.9770676263829823,0.975327746651101,0.9735378324242813,0.9716994117090104,0.9698139979814897,0.9678830888603404,0.965908164898251,0.9638906884862418,0.9618321028644653,0.9597338312336581,0.9575972759616129
0.984,1.0,0.989134388809337,0.9795481339925722,0.9711253310753445,0.9637618353936616,0.957363748451283,0.9518461367505272,0.9471319426641769,0.9431510547350899,0.939839510947352,0.9371388133919245,0.9349953366389674,0.9333598152468461,0.9321868983507011,0.9314347613091848,0.9310647660453434,0.9310411630732519,0.9313308293158988,0.9319030367389967,0.9327292475870975,0.9337829326420833,0.9350394094533294,0.9364756979324602,0.9380703910787708,0.9398035389163512,0.9416565439906684,0.9436120669988661,0.9456539413210666,0.9477670953848116,0.9499374819360143,0.9521520134110819,0.9543985027092589,0.9566656087543001,0.9589427863124487,0.9612202396011167,0.963488879281167,0.9657402824765335,0.9679666555091521,0.9701607990757057,0.9723160756263024,0.9744263787345383,0.9764861042740242,0.9784901232388445,0.9804337560650078,0.9823127483270455,0.9841232476989055,0.9858617820813688,0.9875252388096354,0.9891108448647524,0.9906161480212475,0.9920389988709554,0.9933775336696569,0.9946301579589233,0.9957955309205709,0.9968725504255146,0.9978603387425731,0.9987582288760611,0.9995657515038561,1.0002826224900552,1.0009087309484694,1.001444127835021,1.0018890150486754,1.0022437350218991,1.0025087607827927,1.00268468647204,1.0027722182987087,1.0027721659196285,1.0026854342277836,1.0025130155356543,1.002255982139976,1.0019154792547962,1.0014927183001,1.0009889705336086,1.0004055610136928,0.9997438628815899,0.9990052919514288,0.9981913015967756,0.9973033779226923,0.9963430352125017,0.9953118116387049,0.9942112652277124,0.9930429700682655,0.9918085127536753,0.99050948904819,0.989147500768068,0.9877241528681268,0.9862410507247921,0.9846997976068845,0.9831019923256261,0.981449227055569,0.9797430853184064,0.9779851401218336,0.9761769522458902,0.9743200686694397,0.9724160211296742,0.9704663248077865,0.9684724771341676,0.9664359567067314,0.9643582223162096,0.9622407120724563,0.9600848426260749
0.985,1.0,0.9892277728471369,0.9797343043950653,0.9714036222344086,0.9641315124608473,0.9578240065631073,0.9523961007332061,0.9477706671734235,0.9438775247919369,0.9406526428351587,0.9380374558829985,0.9359782725218574,0.9344257631274293,0.9333345147018433,0.9326626427451246,0.9323714517980638,0.9324251376490498,0.9327905253111931,0.9334368377951557,0.9343354914647543,0.9354599143960571,0.9367853846899246,0.9382888861315433,0.9399489789636861,0.941745683855416,0.9436603774146604,0.9456756978196491,0.9477754593372384,0.9499445746610208,0.9521689841433806,0.9544355911169654,0.9567322026054381,0.9590474748134634,0.9613708628637405,0.9636925743163219,0.9660035260639649,0.9682953042480953,0.9705601268841686,0.9727908089237591,0.9749807295142843,0.9771238012465817,0.9792144412061744,0.981247543666399,0.9832184542811431,0.9851229456520034,0.9869571941596216,0.9887177579619981,0.9904015560739815,0.9920058484520886,0.9935282170174876,0.9949665475575464,0.9963190124529475,0.9975840541830866,0.9987603695674862,0.9998468947052463,1.0008427905783266,1.0017474292876847,1.0025603808941081,1.0032814008379818,1.0039104179143374,1.0044475227813008,1.004892956981628,1.0052471024583125,1.0055104715464156,1.0056836974242334,1.0057675250077658,1.0057628022731768,1.0056704719925615,1.0054915638688973,1.0052271870565084,1.0048785230538197,1.0044468189555367,1.003933381051726,1.003339568761584,1.0026667888899554,1.001916490194935,1.001090158255129,1.000189310625403,0.9992154922701618,0.9981702712634538,0.9970552347453993,0.995871985124682,0.9946221365170698,0.9933073114101337,0.9919291375446039,0.9904892450029902,0.9889892634963577,0.9874308198403626,0.9858155356119119,0.9841450249780208,0.9824208926887189,0.9806447322260543,0.9788181241015368,0.976942634294551,0.975019812824564,0.9730511924501465,0.9710382874881087,0.9689825927462566,0.966885582563536,0.9647487099515473,0.9625734058316592
0.986,1.0,0.9893215593188049,0.9799212856802395,0.971683137010833,0.9645028285191372,0.9582863201096653,0.9529485361691475,0.9484122773061087,0.9446072914408472,0.9414694777978362,0.9389402022299311,0.9369657061916691,0.9354965947957027,0.9344873918984942,0.9338961521965172,0.933684121971126,0.9338154414755562,0.9342568830711483,0.9349776201389517,0.935949022554408,0.9371444751464933,0.9385392160918864,0.9401101926383526,0.9418359319247287,0.9436964249798903,0.9456730222498286,0.9477483392285587,0.9499061709616199,0.9521314143558527,0.9544099973704114,0.9567288142853022,0.9590756663481471,0.9614392071899822,0.9638088924787521,0.9661749333466175,0.9685282531856629,0.9708604474574534,0.9731637462060627,0.9754309790027323,0.9776555420838766,0.9798313674734396,0.9819528939061911,0.9840150393908763,0.9860131752716471,0.9879431016632622,0.989801024150421,0.9915835316546341,0.9932875753833501,0.994910448786027,0.9964497684504163,0.9979034558799009,0.9992697200992624,1.0005470410419421,1.0017341536768176,1.0028300328367865,1.0038338787151806,1.0047451029992096,1.0055633156124444,1.0062883120406843,1.0069200612176648,1.0074586939487684,1.0079044918524658,1.0082578768004897,1.0085194008388643,1.008689736572876,1.0087696679998974,1.0087600817746762,1.0086619588923218,1.008476366774757,1.0082044517468614,1.0078474318889479,1.0074065902525846,1.0068832684270832,1.0062788604443171,1.0055948070097513,1.0048325900478878,1.0039937275505346,1.003079768716567,1.0020922893720703,1.0010328876600003,0.9999031799887036,0.9987047972288782,0.9974393811487964,0.9961085810778045,0.9947140507883948,0.9932574455873376,0.9917404196066246,0.9901646232852007,0.9885317010327128,0.9868432890667416,0.9851010134152297,0.9833064880760691,0.9814613133260511,0.979567074171647,0.9776253389343053,0.9756376579632313,0.9736055624688426,0.9715305634703266,0.9694141508510061,0.9672577925154072,0.9650629336422074
0.987,1.0,0.9894157496502086,0.9801090807693215,0.971963879873109,0.9648757896193759,0.9587506967431834,0.9535034523156793,0.9490567839138614,0.9453403671032139,0.9422900297890839,0.9398470678691799,0.9379576545068296,0.9365723284609133,0.9356455494200869,0.9351353103237643,0.9350027983090146,0.9352120972776844,0.9357299261916119,0.9365254081227282,0.9375698658464231,0.9388366404001468,0.9403009295584442,0.9419396436192355,0.9437312762693796,0.9456557886125633,0.9476945047093589,0.9498300172058846,0.9520461018206016,0.954327639623714,0.956660546184943,0.9590317067867999,0.9614289170049195,0.9638408280471116,0.9662568963206887,0.9686673367650439,0.9710630795449621,0.973435729750971,0.975777529797221,0.978081324245895,0.9803405268206835,0.9825490894011408,0.984701472815272,0.9867926192700075,0.9888179262787062,0.9907732219618396,0.9926547416118608,0.9944591054262426,0.996183297323979,0.9978246447707175,0.9993807995462879,1.0008497193958799,1.0022296505126291,1.0035191108050219,1.0047168739074444,1.0058219538964246,1.0068335906788197,1.0077512360213352,1.008574540193529,1.0093033391987865,1.009937642569779,1.0104776217066551,1.010923598737706,1.0112760358835167,1.0115355253067053,1.011702779430304,1.0117786217086184,1.0117639778351148,1.011659867372469,1.0114673957904337,1.0111877468976365,1.0108221756538234,1.0103720013494124,1.0098386011395435,1.0092234039201302,1.008527884533644,1.007753558292671,1.006901975809495,1.0059747181202012,1.004973392092052,1.0038996261030757,1.0027550659830817,1.0015413712055075,1.0002602113197674,0.9989132626139714,0.9975022049981569,0.9960287190983796,0.9944944835522727,0.9929011724969253,0.9912504532401748,0.9895439841066471,0.9877834124501598,0.9859703728243143,0.9841064853033947,0.9821933539459184,0.9802325653934456,0.978225687597511,0.9761742686677852,0.9740798358348198,0.971943894520992,0.9697679275134864,0.9675533942334118
0.988,1.0,0.9895103452712095,0.9802976925919307,0.9722458553027995,0.9652504018303005,0.9592171441386046,0.9540608584575656,0.9497041978802357,0.9460767642365052,0.9431143128023869,0.9407580682801675,0.9389541343712997,0.9376529823797162,0.936809006794589,0.9363801378361303,0.9363275026045539,0.9366151278272995,0.9372096783130958,0.9380802261403081,0.9391980463685582,0.9405364356961953,0.9420705510154124,0.9437772652604506,0.9456350383175609,0.94762380108045,0.9497248510017486,0.9519207577176797,0.954195277516223,0.9565332755840477,0.95892065510881,0.9613442924347814,0.9637919775742506,0.9662523594672333,0.9687148954599345,0.9711698045398475,0.973608023923852,0.9760211686465144,0.9784014938399549,0.9807418594351408,0.9830356970479801,0.9852769788428503,0.9874601881916885,0.9895802919690659,0.9916327143430981,0.9936133119390262,0.9955183502671164,0.9973444813194687,0.9990887222515744,1.000748435074328,1.0023213072907078,1.0038053334188262,1.0051987973494876,1.0065002554920135,1.0077085206669543,1.0088226467085135,1.0098419137431447,1.010765814113907,1.011594038922876,1.0123264651662094,1.0129631434384732,1.0135042861845294,1.0139502564787417,1.014301557312531,1.0145588213723449,1.0147228012910512,1.0147943603565386,1.0147744636619724,1.0146641696827647,1.0144646222657758,1.0141770430167678,1.0138027240724554,1.0133430212439076,1.0127993475183141,1.012173166906477,1.011465988623593,1.01067936159121,1.0098148692484334,1.0088741246607311,1.0078587659148959,1.0067704517889704,1.0056108576861567,1.00438167182198,1.0030845916541977,1.0017213205451843,1.0002935646467723,0.998803029997759,0.9972514198245429,0.995640432035602,0.993971756900782,0.9922470749066058,0.9904680547790871,0.9886363516657762,0.9867536054690333,0.9848214393227754,0.9828414582052133,0.9808152476803343,0.9787443727611668,0.9766303768880877,0.974474781015721,0.9722790828021868,0.9700447558947309
0.989,1.0,0.9896053476156689,0.9804871240861025,0.9725290677945684,0.9656266712385742,0.9596856699936381,0.9546207639070587,0.9503545301207642,0.9468164953343194,0.9439423408710678,0.941673218985323,0.9399551627345948,0.9387385748561838,0.9379777835984867,0.9376306554916886,0.9376582566988252,0.9380245559430883,0.9386961631206048,0.9396420986267681,0.9408335891856824,0.942243886605892,0.9438481064147793,0.9456230837676906,0.9475472444010933,0.9496004887141767,0.9517640873301276,0.9540205867150151,0.9563537236253603,0.9587483473204589,0.9611903486169141,0.9636665949841976,0.966164870984566,0.9686738234507751,0.9711829108729415,0.9736823565333452,0.9761631049864562,0.9786167815322866,0.9810356543753306,0.9834125991998273,0.9857410659255731,0.9880150474377515,0.9902290501097026,0.9923780659598291,0.9944575463032116,0.9964633767754637,0.998391853621138,1.0002396611518611,1.0020038502906272,1.0036818181284604,1.0052712884281487,1.0067702930171838,1.0081771540184263,1.0094904668726108,1.0107090841116144,1.011832099845565,1.0128588349304928,1.013788822786275,1.0146217958373311,1.0153576725507831,1.0159965450487531,1.0165386672731669,1.0169844436828375,1.0173344184638464,1.017589265235269,1.0177497772332103,1.0178168579568376,1.0177915122608105,1.0176748378790204,1.0174680173650772,1.0171723104354111,1.0167890467012008,1.01631961877574,1.0157654757440941,1.015128116982243,1.01440908631313,1.0136099664873042,1.0127323739760843,1.0117779540654195,1.0107483762388252,1.0096453298380368,1.0084705199902466,1.007225663791009,1.0059124867321627,1.0045327193643325,1.0030880941838427,1.0015803427341023,1.0000111929117805,0.9983823664683568,0.9966955766978597,0.9949525263019079,0.9931549054233841,0.9913043898403823,0.9894026393122872,0.9874512960701515,0.9854519834437717,0.9834063046181349,0.9813158415121765,0.979182153773041,0.9770067778792985,0.9747912263468193,0.9725369870312717
0.99,1.0,0.9897007581214579,0.9806773781982999,0.9728135218562063,0.9660046039488203,0.9601562820288,0.9551831780039501,0.9510077915830154,0.9475595729264404,0.9447741280683365,0.9425925355501275,0.9409607565918221,0.9398291242418129,0.9391518994567677,0.938886884097278,0.9389950824810832,0.9394404044904316,0.9401894043434549,0.9412110500582048,0.9424765193994866,0.9439590187322188,0.9456336217342955,0.9474771253656032,0.9494679208631492,0.9515858778473667,0.9538122398915718,0.9561295301332301,0.9585214656989127,0.9609728798798376,0.9634696511362896,0.9659986381306418,0.9685476200931841,0.9711052419151381,0.9736609634411205,0.9762050125007873,0.9787283412778759,0.9812225856656618,0.9836800273020047,0.9860935580156186,0.9884566464486578,0.990763306649932,0.9930080684584914,0.995185949519549,0.9972924287940662,0.9993234214402336,1.0012752549598074,1.0031446465151197,1.0049286813337444,1.0066247921275726,1.008230739461477,1.0097445930141344,1.011164713679928,1.0124897364663819,1.0137185541463576,1.0148503016283632,1.0158843410118796,1.0168202472976562,1.0176577947255718,1.0183969437148768,1.0190378283835915,1.0195807446254395,1.0200261387241492,1.020374596486092,1.0206268328733128,1.020783682119815,1.0208460883147659,1.0208150964368785,1.0206918438248127,1.0204775520688891,1.0201735193098536,1.0197811129307621,1.0193017626284437,1.0187369538512265,1.0180882215899718,1.0173571445096485,1.0165453394089754,1.0156544559958884,1.0146861719668125,1.0136421883779732,1.0125242252971962,1.0113340177248908,1.0100733117731537,1.008743861092151,1.007347423533207,1.005885758038253,1.0043606217455674,1.0027737673019672,1.001126940371887,0.9994218773340567,0.9976603031567199,0.9958439294426406,0.9939744526353865,0.9920535523786732,0.9900828900207936,0.9880641072564572,0.9859988248986101,0.9838886417730872,0.981735133729211,0.979539852759699,0.9773043262235314,0.9750300561656543
0.991,1.0,0.9897965782304596,0.9808684578834362,0.9730992220086594,0.9663842060836704,0.9606289879874682,0.9557481101156257,0.951663993246652,0.9483060095788967,0.945609688507349,0.943516033583158,0.9419709329837025,0.9409246489355343,0.9403313740429026,0.940148844508452,0.9403380018886648,0.9408626963812735,0.9416894257550973,0.9427871049515062,0.9441268621481945,0.9456818577095343,0.9474271229770563,0.9493394162973119,0.9513970940576998,0.9535799948160202,0.9558693348764187,0.9582476138911745,0.9606985292609825,0.9632068982714774,0.9657585870451639,0.9683404455093566,0.9709402476852812,0.973546636693618,0.976149073949727,0.978737792089218,0.9813037512230356,0.9838385981720225,0.9863346283750594,0.9887847502033292,0.9911824514466822,0.9935217677672784,0.995797252941077,0.9980039507299278,1.000137368246352,1.0021934506899564,1.004168557349114,1.0060594387743467,1.0078632150409919,1.0095773550284217,1.0111996566514951,1.0127282279872483,1.0141614692461387,1.0154980555426514,1.0167369204247934,1.017877240126099,1.0189184185072604,1.0198600726575313,1.020702019128626,1.021444260776051,1.0220869741847134,1.022630497657227,1.0230753197447569,1.0234220683013804,1.0236715000439411,1.0238244906002472,1.0238820250291583,1.0238451887967412,1.0237151591932143,1.023493197175852,1.0231806396234386,1.0227788919882015,1.0222894213315084,1.0217137497298718,1.0210534480381026,1.0203101299967026,1.0194854466708259,1.018581081208396,1.0175987439051775,1.0165401675648638,1.0154071031424436,1.014201315659381,1.0129245803793638,1.0115786792336177,1.0101653974850484,1.0086865206207125,1.0071438314623835,1.0055391074852402,1.0038741183349664,1.002150623533825,1.0003703703665348,0.9985350919370672,0.9966465053877341,0.9947063102722252,0.992716187074538,0.9906777958660019,0.9885927750928882,0.9864627404873612,0.9842892840947917,0.9820739734107512,0.97981835062122,0.9775239319398517
0.992,1.0,0.9898928093885878,0.9810603661048902,0.9733861727860587,0.9667654837837945,0.9611037956359212,0.956315569637119,0.9523231461234852,0.9490558178940178,0.946449036341252,0.9444437287361245,0.9429857089966018,0.9420251673837208,0.9415162270788283,0.9414165576294247,0.9416870369069011,0.9422914545739899,0.9431962511729369,0.9443702878641144,0.9457846426062682,0.9474124292032178,0.9492286361710847,0.9512099828239243,0.9533347903489647,0.9555828659578912,0.9579353984675743,0.9603748638904546,0.9628849398080519,0.9654504274661941,0.9680571806720152,0.9706920406942424,0.9733427764728477,0.9759980295343222,0.9786472630867508,0.9812807148363398,0.9838893531255272,0.9864648360435947,0.9889994732048416,0.9914861899277752,0.9939184935822178,0.9962904419003736,0.9985966130732646,1.0008320774761046,1.0029923708854673,1.0050734690679028,1.0070717636343378,1.008984039067316,1.0108074508392544,1.0125395045495194,1.0141780360165058,1.0157211922681573,1.0171674133806534,1.0185154151204092,1.019764172349235,1.020912903156523,1.0219610536858144,1.0229082836260557,1.0237544523404194,1.0244996056077313,1.025143962953402,1.0256879055483488,1.0261319646557332,1.0264768106064859,1.026723242285556,1.0268721771116558,1.0269246414939734,1.0268817617499255,1.0267447554685436,1.0265149233045434,1.0261936411885062,1.0257823529389627,1.0252825632624891,1.0246958311281855,1.0240237635032183,1.0232680094363176,1.0224302544763966,1.0215122154136769,1.020515635330959,1.0194422789528939,1.01829392828136,1.0170723785052893,1.0157794341735222,1.0144169056195327,1.0129866056271037,1.0114903463263059,1.0099299363093814,1.0083071779564163,1.006623864960939,1.0048817800458825,1.0030826928605965,1.0012283580498977,0.9993205134864181,0.9973608786578014,0.995351153200562,0.993293015572732,0.9911881218576727,0.9890381046917287,0.9868445723086611,0.9846091076940892,0.9823332678434158,0.9800185831170043
0.993,1.0,0.9899894530457835,0.9812531058345239,0.9736743787357472,0.9671484432079405,0.9615807127633903,0.9568855659911628,0.9529852612575348,0.9498090105104875,0.9472921857632378,0.9453756367039196,0.9440051017625547,0.9431306980801907,0.942706478334925,0.9426900444130235,0.9430422095690284,0.9437267020732515,0.9447099044581476,0.9459606233937868,0.9474498859841148,0.9491507589093138,0.9510381873689061,0.9530888512240466,0.95528103611085,0.9575945176118623,0.9600104568398197,0.9625113060146692,0.9650807228081568,0.9677034923954342,0.9703654562946321,0.9730534471968588,0.9757552290936491,0.9784594420990916,0.9811555514418003,0.9838338001693752,0.9864851651664568,0.9891013161382902,0.9916745772558039,0.9941978911966243,0.996664785349832,0.9990693399814008,1.0014061581825857,1.0036703374456526,1.0058574427305773,1.0079634809031122,1.0099848764392467,1.0119184483037549,1.0137613879216083,1.0155112381706044,1.0171658733318847,1.01872347994224,1.0201825384983167,1.0215418059682326,1.022800299070746,1.0239572782861217,1.0250122325662456,1.0259648647144903,1.026815077408339,1.027562959839904,1.0282087749513218,1.0287529472435208,1.0291960511382157,1.0295387998740535,1.0297820349188223,1.0299267158803997,1.0299739108998467,1.0299247875105817,1.0297806039481305,1.0295427008953408,1.0292124936483464,1.0287914646889185,1.0282811566491241,1.0276831656545127,1.0269991350323047,1.026230749371309,1.0253797289205406,1.0244478243137383,1.0234368116072288,1.0223484876188191,1.0211846655556236,1.0199471709189982,1.0186378376749865,1.0172585046789269,1.0158110123431654,1.0142971995370285,1.0127189007085233,1.0110779432174897,1.0093761448701954,1.0076153116456683,1.0057972356043268,1.0039236929697617,1.0019964423748124,1.000017223263372,0.9979877544396262,0.995909732756754,0.9937848319373651,0.9916147015182596,0.9894009659123806,0.9871452235810837,0.9848490463101474,0.9825139785832127
0.994,1.0,0.9900865106560317,0.9814466800527029,0.9739638444183102,0.9675330905329766,0.9620597471821026,0.957458108628245,0.9536503497250822,0.9505656001034046,0.9481391510065974,0.9463117732246533,0.9450291284592963,0.9442412595662159,0.9439021476299961,0.9439693258606292,0.9444035419560948,0.9451684619298906,0.9462304095154861,0.9475581361783596,0.9491226175277858,0.9508968725541698,0.9528558026471246,0.9549760477932898,0.9572358577263885,0.9596149761173122,0.9620945361591089,0.9646569661286426,0.9672859037000582,0.9699661179503872,0.9726834381391609,0.9754246884654273,0.9781776281101797,0.9809308959624142,0.9836739595049879,0.9863970674039255,0.9890912054032919,0.9917480551785434,0.9943599558453476,0.9969198678592548,0.9994213390749673,1.001858472763054,1.0042258974072513,1.0065187381275764,1.0087325895936703,1.0108634903095246,1.0129078981653048,1.014862667164635,1.0167250252467064,1.0184925531321258,1.0201631641296753,1.0217350848483282,1.0232068367650484,1.024577218604227,1.025845289489208,1.0270103528303094,1.0280719409171073,1.0290298001856604,1.0298838771338155,1.030634304859832,1.0312813902013638,1.0318256014533276,1.032267556644513,1.032608012353823,1.0328478530480119,1.0329880809235126,1.033029806235665,1.0329742380991647,1.0328226757440986,1.0325765002123,1.0322371664791712,1.0318061959864187,1.0312851695714689,1.0306757207795914,1.029979529545018,1.0291983162276048,1.0283338359917982,1.027387873514942,1.0263622380121475,1.025258758565244,1.024079279743519,1.0228256575042305,1.0214997553611258,1.0201034408094376,1.0186385819961172,1.0171070446243191,1.015510689081416,1.0138513677801368,1.012130922702653,1.0103511831377834,1.008513963601726,1.006621061933055,1.004674257552994,1.0026753098822916,1.0006259569062907,0.9985279138801174,0.9963828721661687,0.9941924981963975,0.9919584325521691,0.9896822891547529,0.9873656545597809,0.9850100873493067
0.995,1.0,0.9901839836773665,0.981641091748312,0.9742545744075981,0.9679194319539237,0.9625409067273325,0.958033207026659,0.9543184226347277,0.9513255993843333,0.9489899463447676,0.947252154079697,0.9460578063102806,0.9453568704305253,0.9451032548312467,0.9452544230221264,0.945771056196865,0.9466167572407594,0.9477577902931058,0.9491628508955033,0.9508028625186736,0.9526507958940713,0.9546815081059924,0.9568715988437709,0.9591992815871735,0.9616442678134816,0.9641876625818708,0.9668118700776583,0.9695005078924054,0.9722383289810893,0.9750111503791584,0.9778057878838282,0.9806099960086142,0.983412412610341,0.9862025076658147,0.9889705357428358,0.9917074917687067,0.9944050697501553,0.9970556241426696,0.9996521336056133,1.0021881669128228,1.0046578508174533,1.0070558396951086,1.0093772868113249,1.0116178170786347,1.0137735011851225,1.0158408309908926,1.0178166961014814,1.01969836153818,1.0214834464347495,1.023169903698197,1.0247560005784258,1.0262403000976785,1.0276216432959895,1.028899132253407,1.0300721138536442,1.0311401642571465,1.032103074054426,1.0329608340729326,1.0337136218127927,1.0343617884885152,1.0349058466552192,1.0353464583992253,1.035684424073873,1.0359206715623699,1.0360562460501808,1.0360923002901592,1.0360300853441349,1.0358709417851657,1.0356162913450542,1.0352676289920988,1.0348265154243619,1.0342945699640405,1.0336734638387668,1.0329649138359664,1.0321706763165832,1.0312925415747836,1.0303323285304349,1.0292918797414234,1.028173056723111,1.0269777355624519,1.0257078028145736,1.0243651516698609,1.0229516783798427,1.021469278930465,1.0199198459515837,1.0183052658518235,1.0166274161681983,1.01488816312021,1.0130893593584174,1.0112328418977652,1.0093204302262868,1.0073539245800478,1.005335104375556,1.0032657267911191,1.0011475254889572,0.9989822094701768,0.9967714620549853,0.9945169399808622,0.9922202726116488,0.9898830612508338,0.9875068785525871
0.996,1.0,0.9902818735718786,0.9818363439187758,0.974546573290763,0.9683074736839983,0.9630241992574444,0.958610870692558,0.954989491127449,0.9520890211013646,0.949844586091385,0.9481967950937258,0.9470911525847119,0.9464775493093086,0.9463098198542577,0.9465453569958419,0.9471447744677252,0.9480716111485913,0.9492920707823639,0.9507747922624753,0.9524906462732123,0.9544125547148758,0.9565153298689767,0.9587755307036135,0.9611713340927902,0.9636824190388351,0.9662898622542959,0.968976043686682,0.971724560762901,0.9745201502955257,0.9773486171346368,0.9801967687705959,0.9830523551977611,0.9859040134394005,0.9887412162120524,0.991554224275053,0.9943340420694322,0.9970723763011369,0.99976159716761,1.002394701965079,1.004965280847244,1.0074674845350686,1.0098959938026082,1.0122459905858099,1.014513130580337,1.0166935172110838,1.01878367687054,1.020780535335692,1.0226813952840543,1.0244839148388705,1.0261860870816701,1.0277862204774508,1.029282920163807,1.0306750700605871,1.031961815761139,1.0331425481700602,1.0342168878556663,1.0351846700881806,1.0360459305370535,1.0368008916028357,1.0374499493607483,1.0379936610945295,1.0384327334003876,1.038768010841888,1.0390004651374998,1.0391311848632452,1.0391613656535157,1.0390923008836719,1.0389253728184613,1.038662044210721,1.0383038503351518,1.0378523914422768,1.0373093256179713,1.0366763620342168,1.0359552545769903,1.035147795837415,1.034255811452571,1.0332811547825769,1.0322257019107823,1.0310913469541962,1.0298799976714645,1.028593571356011,1.027233991002195,1.0258031817326014,1.0243030674748668,1.022735567876714,1.021102595448162,1.01940605292016,1.0176478308091998,1.0158298051777659,1.0139538355807656,1.0120217631884174,1.0100354090763544,1.0079965726740383,1.0059070303628592,1.0037685342156222,1.001582810869432,0.9993515605242641,0.997076456059841,0.9947591422637199,0.9924012351637712,0.9900043214585472
0.997,1.0,0.9903801818057251,0.9820324395700734,0.9748398456682797,0.9686972219546489,0.9635096326539407,0.9591911091600079,0.9556635663766565,0.9528558780391686,0.9507030846003343,0.9491457121347543,0.9481291845975649,0.9476033148862193,0.9475218626629631,0.94784214892849,0.9485247189925866,0.9495330468418579,0.9508332750176297,0.9523939850358746,0.9541859941425649,0.9561821748316434,0.9583572940823238,0.9606878697164443,0.9631520416502414,0.9657294561304189,0.968401161311633,0.9711495127595867,0.9739580876574596,0.9768116066587308,0.979695862471106,0.9825976543779142,0.9855047280080115,0.9884057197555083,0.9912901053286269,0.9941481519744901,0.9969708739851032,0.9997499911405561,1.002477889789506,1.0051475863053303,1.0077526926896143,1.0102873841236473,1.0127463682937765,1.0151248563384354,1.0174185352837137,1.0196235418509443,1.0217364375341698,1.0237541848578722,1.0256741247361791,1.0274939548641506,1.0292117090798605,1.0308257376429908,1.0323346883816804,1.0337374886645583,1.0350333281593354,1.0362216423431259,1.037302096732916,1.0382745718073665,1.0391391485934682,1.039896094893564,1.0405458521299291,1.0410890227855125,1.0415263584206353,1.041858748246444,1.0420872082367678,1.0422128707607192,1.0422369747190046,1.042160856167411,1.0419859394113595,1.0417137285558304,1.0413457994952728,1.0408837923284142,1.0403294041831839,1.0396843824371906,1.0389505183194678,1.0381296408794118,1.0372236113090976,1.0362343176053814,1.0351636695584328,1.0340135940536006,1.0327860306737449,1.0314829275894462,1.0301062377247487,1.0286579151863802,1.027139911944659,1.0255541747545989,1.0239026423059994,1.0221872425916179,1.0204098904828238,1.0185724855024358,1.0166769097847626,1.014725026213177,1.012718676725863,1.010659680780708,1.0085498339706074,1.0063909067807761,1.0041846434799726,1.0019327611378495,0.9996369487609467,0.9972988665401549,0.9949201452027737,0.9925023854625658
0.998,1.0,0.9904789098491363,0.9822293817167584,0.9751343961539786,0.9690886830155915,0.9639972148215075,0.9597739319910431,0.9563406595882452,0.9536261830190507,0.9515654562657986,0.95009892111418,0.9491719197096116,0.9487341858923759,0.9487394032696252,0.9491448200151111,0.9499109120427859,0.9510010875546243,0.9523814270760895,0.9540204540113908,0.9558889315123175,0.9579596820882603,0.9602074269146192,0.9626086422408835,0.9651414306733708,0.9677854054232151,0.9705215858774702,0.9733323030783714,0.9762011138893627,0.9791127227918812,0.9820529103986149,0.9850084678906031,0.9879671366902847,0.9909175527728799,0.9938491950965009,0.9967523376988858,0.9996180050671107,1.0024379304373832,1.005204516726046,1.0079107998312202,1.0105504140777557,1.0131175596071478,1.0156069715391989,1.0180138907541314,1.0203340361628748,1.0225635783497755,1.0246991144863566,1.0267376444271812,1.028676547909671,1.0305135627890631,1.0322467642477346,1.033874544925077,1.0353955959200842,1.0368088886239286,1.0381136573442111,1.0393093826863153,1.0403957756604918,1.0413727624860147,1.0422404700660677,1.042999212108934,1.0436494758727495,1.0441919095124017,1.0446273100083836,1.044956611658316,1.0451808751127272,1.0453012769373287,1.0453190996846273,1.0452357224581914,1.0450526119533254,1.0447713139582673,1.0443934453003507,1.0439206862218564,1.0433547731705652,1.04269749199025,1.0419506714966136,1.041116177424386,1.04019590673156,1.039191782246953,1.0381057476475397,1.0369397627522479,1.0356957991191433,1.0343758359332256,1.0329818561722843,1.0315158430385791,1.0299797766443697,1.0283756309396246,1.02670537087053,1.024970949757738,1.0231743068835812,1.021317365277832,1.0194020296918538,1.0174301847513705,1.015403693278346,1.0133243947728359,1.0111941040459582,1.0090146099954864,1.0067876745158517,1.00451503153469,1.002198386168364,0.9998394139891973,0.9974397603974805,0.9950010400915817
0.999,1.0,0.9905780591764272,0.9824271733819783,0.9754302293750713,0.9694818631348552,0.9644869536880664,0.9603593487757118,0.957020782000659,0.9543999488990044,0.9524317155223108,0.9510564379868203,0.9502193753274414,0.949870181106365,0.9499624617348036,0.9504533914990124,0.9513033759369827,0.9524757565664039,0.9539365510775489,0.9556542240235487,0.957599483802161,0.9597451023570633,0.9620657545563458,0.9645378746500354,0.9671395275822848,0.9698502932494919,0.9726511620630179,0.9755244404023774,0.9784536647384104,0.9814235233713908,0.9844197848707886,0.9874292324251085,0.990439603414973,0.9934395336129374,0.9964185054915529,0.9993668001886672,1.0022754527374507,1.0051362102193406,1.0079414925421257,1.010684355583647,1.0133584564748297,1.015958020824683,1.0184778117150044,1.0209131003144025,1.023259637980213,1.0255136297333685,1.0276717090055953,1.0297309135706918,1.0316886625823745,1.0335427346504606,1.0352912468951374,1.0369326349259762,1.0384656336982576,1.0398892592042495,1.0412027909614243,1.042405755263305,1.043497909161765,1.0444792251523007,1.0453498765360272,1.046110223434078,1.0467607994316754,1.0473022988304894,1.047735564489037,1.0480615762318009,1.0482814398085605,1.0483963763860669,1.0484077125547804,1.0483168708338266,1.0481253606577843,1.0478347698292254,1.0474467564212608,1.046963041114635,1.0463853999541604,1.0457156575095297,1.0449556804257936,1.044107371349013,1.0431726632128266,1.042153513871932,1.0410519010686976,1.0398698177193793,1.0386092675066825,1.0372722607656608,1.0358608106502305,1.0343769295678538,1.0328226258702318,1.0311999007881698,1.029510745599052,1.0277571390156968,1.0259410447856814,1.024064409490535,1.0221291605345333,1.0201372043131642,1.0180904245516365,1.0159906808041728,1.013839807105124,1.011639610763288,1.0093918712911394,1.0070983394610007,1.0047607364804918,1.0023807532799411,0.9999600499047129,0.9975002550057374
1.0,1.0,0.9906776312659996,0.9826258175974893,0.9757273499721807,0.9698767685988133,0.964978857204814,0.9609473691321412,0.9577039448849396,0.9551771885737731,0.9533018768448012,0.9520182787509521,0.9512715689034859,0.9510113193542402,0.9511910581673318,0.9517678846717023,0.952702133041059,0.953957077202007,0.9554986711842327,0.9572953199454555,0.9593176764655802,0.9615384615384616,0.9639323032194341,0.9664755933309737,0.9691463588027658,0.9719241459381485,0.9747899159663865,0.9777259504674982,0.980715765450071,0.9837440330279966,0.9867965097838618,0.9898599710284887,0.992922150270885,0.99597168330322,0.9989980563834593,1.0019915580658103,1.0049432342875768,1.007844846371759,1.010688831648713,1.013468266438439,1.016176831168249,1.0188087774294672,1.0213588968018665,1.0238224912963803,1.0261953452855272,1.0284736988074328,1.0306542221435837,1.0327339915827674,1.0347104662943363,1.0365814662431518,1.0383451510864834,1.04,1.0415447923858228,1.0429785894206551,1.0443007164062674,1.045510745888288,1.0466084815123313,1.0475939425891252,1.0484673493425252,1.049229108816146,1.049879801415925,1.050420168067227,1.0508510979662087,1.051173616906064,1.0513888761595436,1.0514981418997715,1.0515027851419378,1.0514042721888845,1.0512041555639986,1.050904065415179,1.0505057013739219,1.0500108248538644,1.0494212517733745,1.048738845686999,1.0479655113108495,1.047103188427202,1.0461538461538462,1.0451194775639443,1.044002094642408,1.0428037235650558,1.0415264002870708,1.0401721664275467,1.0387430654372043,1.0372411390366272,1.0356684239126839,1.0340269486610951,1.0323187309634292,1.0305457749871223,1.0287100689974422,1.0268135831706615,1.0248582675980122,1.02284605047036,1.0207788364338484,1.0186585051071204,1.0164869097510445,1.0142658760822263,1.0119972012219054,1.0096826527721745,1.0073239680117811,1.004922853204101,1.0024809830101702,1.0
