-1.0,0.0,0.01,0.02,0.03,0.04,0.05,0.06,0.07,0.08,0.09,0.1,0.11,0.12,0.13,0.14,0.15,0.16,0.17,0.18,0.19,0.2,0.21,0.22,0.23,0.24,0.25,0.26,0.27,0.28,0.29,0.3,0.31,0.32,0.33,0.34,0.35000000000000003,0.36,0.37,0.38,0.39,0.4,0.41000000000000003,0.42,0.43,0.44,0.45,0.46,0.47000000000000003,0.48,0.49,0.5,0.51,0.52,0.53,0.54,0.55,0.56,0.5700000000000001,0.58,0.59,0.6,0.61,0.62,0.63,0.64,0.65,0.66,0.67,0.68,0.6900000000000001,0.7000000000000001,0.71,0.72,0.73,0.74,0.75,0.76,0.77,0.78,0.79,0.8,0.81,0.8200000000000001,0.8300000000000001,0.84,0.85,0.86,0.87,0.88,0.89,0.9,0.91,0.92,0.93,0.9400000000000001,0.9500000000000001,0.96,0.97,0.98,0.99,1.0
0.9,1.0,0.9825894663535492,0.966523712480007,0.9516878947384361,0.9379792630085511,0.9253055875960994,0.9135838264059969,0.9027389906733004,0.8927031756141625,0.8834147287149655,0.8748175334137883,0.8668603899420741,0.8594964783112171,0.8526828910209273,0.8463802251654676,0.8405522253222995,0.8351654700044787,0.8301890956052501,0.825594552709304,0.8213553904285694,0.8174470650716503,0.8138467699994308,0.8105332839744466,0.8074868356940419,0.8046889825197485,0.8021225016880603,0.7997712925191496,0.7976202883369972,0.7956553769824558,0.7938633289445766,0.7922317322589443,0.7907489334279347,0.7894039837093756,0.7881865901992593,0.7870870712027567,0.7860963154473702,0.7852057447439197,0.7844072797462974,0.7836933085004703,0.7830566575078284,0.7824905650583704,0.7819886566159107,0.7815449220610291,0.7811536946182109,0.7808096313119626,0.7805076948129083,0.7802431365492415,0.7800114809716677,0.7798085108713119,0.7796302536601495,0.7794729685325266,0.7793331344343367,0.7792074387736058,0.7790927668126288,0.7789861916875516,0.7788849650064161,0.7787865079813054,0.7786884030543594,0.7785883859811449,0.7784843383382148,0.7783742804246854,0.7782563645303807,0.7781288685455217,0.7779901898891486,0.777838839735437,0.7776734375188686,0.7774927057008293,0.7772954647816773,0.7770806285436311,0.7768471995110384,0.7765942646156566,0.7763209910555618,0.7760266223371851,0.7757104744907853,0.7753719324503887,0.7750104465898906,0.7746255294076145,0.774216752352174,0.7737837427829577,0.7733261810590389,0.7728437977506925,0.772336370968089,0.77180372380208,0.7712457218722749,0.7706622709779288,0.7700533148473838,0.7694188329820694,0.7687588385912616,0.7680733766140302,0.7673625218249426,0.7666263770203082,0.7658650712818674,0.7650787583149842,0.7642676148585413,0.7634318391638483,0.7625716495399869,0.7616872829631385,0.7607789937475155,0.7598470522756362,0.7588917437857452,0.7579133672142775
0.901,1.0,0.982653745561903,0.9666513772570006,0.9518780781649929,0.9382311190151396,0.9256182859409897,0.9139565483796351,0.9031709254266519,0.8931935170259029,0.8839626727261525,0.8754222757698744,0.8675211242912724,0.8602123946157904,0.8534531742442,0.8472040542024978,0.8414287721464855,0.8360938990059561,0.8311685630999489,0.8266242066001067,0.8224343700021544,0.8185745009164452,0.8150217840316665,0.81175498956065,0.8087543378594655,0.8060013782332315,0.8034788802146974,0.8011707358328952,0.7990618715860214,0.7971381690006403,0.7953863928030813,0.7937941258522461,0.7923497100891531,0.7910421928500975,0.7898612779694165,0.7887972811664365,0.7878410892707248,0.7869841228916283,0.7862183021832729,0.7855360153957571,0.7849300899378487,0.7843937657068917,0.7839206704683124,0.7835047970906274,0.7831404824625843,0.7828223879373961,0.7825454811652331,0.7823050191895079,0.7820965326952342,0.7819158113090827,0.7817588898608275,0.7816220355248764,0.7815017357685844,0.7813946870412158,0.7812977841438209,0.7812081102260147,0.7811229273608007,0.7810396676531487,0.7809559248422183,0.7808694463607743,0.780778125818728,0.7806799958807046,0.7805732215102607,0.7804560935557968,0.7803270226554154,0.7801845334399455,0.7800272590151508,0.7798539357057404,0.7796633980452694,0.7794545739973254,0.7792264803945971,0.7789782185834847,0.7787089702629074,0.7784179935068233,0.7781046189608012,0.7777682462036867,0.7774083402660825,0.7770244282979437,0.7766160963781411,0.7761829864593358,0.7757247934419507,0.7752412623714385,0.7747321857534142,0.7741974009815517,0.7736367878734653,0.7730502663100625,0.7724377939741237,0.7717993641840923,0.7711350038192769,0.7704447713328697,0.7697287548493476,0.7689870703430234,0.7682198598946298,0.7674272900229959,0.7666095500889754,0.7657668507689456,0.7648994225952673,0.7640075145612358,0.7630913927881361,0.7621513392521088,0.7611876505686261,0.7602006368324454
0.902,1.0,0.9827183208684451,0.9667796357258744,0.9520691537143247,0.9384841657852986,0.9259324733013432,0.9143310566593968,0.903604942268117,0.8936862342752621,0.8845132837908002,0.8760299733822818,0.86818509862863,0.860931831732126,0.8542272547778621,0.8480319523270674,0.8423096547374277,0.8370269249989195,0.8321528830196291,0.8276589622411235,0.8235186942455405,0.8197075176671713,0.8162026082641938,0.8129827274608339,0.8100280870522815,0.8073202280868146,0.80484191221203,0.802577024003262,0.8005104829889997,0.7986281642559999,0.7969168266604892,0.7953640477951395,0.7939581649675785,0.7926882215376864,0.7915439180400284,0.7905155675863156,0.7895940551023171,0.7887708000054777,0.7880377219746754,0.7873872095030854,0.7868120909596932,0.7863056079153723,0.7858613905161168,0.7854734347095252,0.7851360811513509,0.7848439956372477,0.7845921509210481,0.7843758097952619,0.784190509322236,0.7840320461157343,0.7838964625827801,0.7837800340445815,0.7836792566633679,0.7835908361091253,0.7835116769066105,0.783438872408747,0.7833696953476397,0.7833015889190348,0.7832321583601867,0.7831591629847922,0.7830805086419921,0.7829942405694256,0.7828985366130362,0.7827917007887383,0.7826721571632664,0.7825384440334803,0.7823892083851993,0.7822232006142372,0.7820392694937696,0.7818363573734706,0.7816134955970518,0.7813698001258992,0.7811044673574891,0.7808167701281287,0.7805060538903777,0.7801717330562178,0.7798132874976981,0.7794302591973803,0.7790222490414355,0.7785889137487505,0.7781299629298299,0.7776451562696931,0.7771343008293412,0.7765972484606852,0.7760338933301495,0.7754441695464369,0.7748280488882009,0.7741855386275954,0.7735166794458979,0.772821543437591,0.7721002321994686,0.7713528750014993,0.7705796270363372,0.7697806677445043,0.768956199212404,0.7681064446404496,0.7672316468786967,0.7663320670274839,0.7654079831006727,0.7644596887491858,0.7634874920426099,0.7624917143067295
0.903,1.0,0.9827831933918603,0.966908490164126,0.9522611248539988,0.9387384079995387,0.9262481555855304,0.9147073583888992,0.9040410495767933,0.8941813369702745,0.8850665727329186,0.8766406382719757,0.8688523261473253,0.8616548039954793,0.8550051480640699,0.8488639360483351,0.8431948906269962,0.8379645664895976,0.8331420747927862,0.8286988399276062,0.8246083842621286,0.8208461371739973,0.8173892652301057,0.8142165208250147,0.8113081069715904,0.8086455562592999,0.8062116222679391,0.8039901819556314,0.8019661477365678,0.8001253881317884,0.7984546560199096,0.7969415236379669,0.7955743235885496,0.7943420952008681,0.7932345356724534,0.7922419554867081,0.7913552376610204,0.790565800431984,0.7898655630294042,0.7892469142303127,0.7887026834187416,0.7882261139074125,0.7878108383041112,0.7874508557290529,0.7871405107102338,0.7868744736020726,0.7866477223888505,0.786455525748795,0.7862934272674078,0.7861572306999386,0.7860429861929897,0.7859469773842093,0.7858657093070275,0.7857958970345503,0.7857344550031024,0.7856784869616427,0.7856252764983875,0.7855722781005727,0.785517108707415,0.7854575397200156,0.7853914894352968,0.7853170158740357,0.7852323099757657,0.7851356891357288,0.7850255910612609,0.7849005679269424,0.784759280809652,0.7846004943862308,0.7844230718779464,0.7842259702272292,0.7840082354933547,0.7837689984547966,0.7835074704069667,0.7832229391449049,0.7829147651213083,0.7825823777709726,0.782225271993402,0.7818430047859101,0.7814351920200839,0.7810015053549684,0.7805416692807642,0.7800554582872424,0.7795426941514377,0.7790032433395254,0.778437014518079,0.7778439561701904,0.7772240543121919,0.776577330306937,0.7759038387698277,0.775203665563957,0.7744769258809185,0.7737237624040089,0.7729443435506829,0.7721388617912824,0.7713075320411742,0.7704505901235623,0.7695682913003522,0.7686609088685414,0.767728732819721,0.7667720685603576,0.7657912356906097,0.7647865668395211
0.904,1.0,0.982848364254176,0.9670379428562271,0.9524539950624091,0.938993850353188,0.9265653387208105,0.9150854607347167,0.9044792557587455,0.8946788347498353,0.8856225504111002,0.8772542824979902,0.8695228200818078,0.8623813257852622,0.855786869591648,0.8497000219242329,0.8440844973974989,0.8389068420358509,0.8341361579002414,0.8297438600073087,0.8257034612074636,0.8219903813383234,0.81858177751225,0.8154563928509286,0.8125944213616078,0.8099773869714352,0.8075880350085206,0.8054102346493188,0.8034288910484803,0.8016298660350396,0.7999999064023959,0.7985265789426979,0.7971982114822607,0.7960038392660229,0.7949331561181086,0.7939764698740215,0.7931246616395038,0.792369148482859,0.7917018492126959,0.7911151529325451,0.7906018900983475,0.7901553058351606,0.7897690352960933,0.7894370808699394,0.7891537910647072,0.7889138409125332,0.7887122137576417,0.7885441843033776,0.7884053028070537,0.7882913803226762,0.7881984749016693,0.7881228786706935,0.788061105713654,0.7880098806921186,0.7879661281447785,0.7879269624122717,0.7878896781388235,0.7878517413067296,0.7878107807638426,0.7877645802078973,0.7877110705948492,0.7876483229413708,0.7875745414943534,0.787488057242667,0.7873873217486231,0.7872709012785394,0.787137471213591,0.7869858107237121,0.7868147976887839,0.7866234038526179,0.7864106901964492,0.7861758025196991,0.7859179672167483,0.7856364872393119,0.7853307382348264,0.785000164851939,0.7846442772048721,0.7842626474889952,0.7838549067404885,0.7834207417334528,0.7829598920082723,0.7824721470254297,0.7819573434393319,0.7814153624870477,0.7808461274871544,0.7802496014441601,0.7796257847542334,0.778974713008194,0.7782964548879261,0.7775911101525813,0.7768588077111027,0.7760997037777819,0.7753139801076908,0.7745018423089935,0.773663518229256,0.7727992564129983,0.7719093246278461,0.7709940084567473,0.7700536099538033,0.7690884463613771,0.7680988488862056,0.767085161532343
0.905,1.0,0.9829138345807695,0.9671679960936431,0.9526477678288005,0.9392504975564305,0.9268840286533704,0.9154653708864325,0.9049195692470692,0.895178737283768,0.8861812277185838,0.8778709181574954,0.870196593707868,0.8631114115251022,0.8565724348961404,0.8505402265615044,0.8449784926817051,0.8398537702471719,0.8351351518751202,0.8307940428804371,0.826803946289148,0.823140272112661,0.8197801677430766,0.8167023667838303,0.8138870540114154,0.8113157444856157,0.8089711750977349,0.8068372070771728,0.8048987381731498,0.8031416233960537,0.8015526033463686,0.8001192392822906,0.7988298541830611,0.7976734791564288,0.7966398046176492,0.7957191357358796,0.7949023517032978,0.7941808684340271,0.7935466043450848,0.7929919489110538,0.792509733718704,0.7920932057781372,0.791736002873658,0.7914321307610644,0.7911759420387223,0.7909621165381018,0.7907856430956139,0.7906418025819345,0.7905261520777143,0.790434510095903,0.7903629427609337,0.7903077508640225,0.7902654577217954,0.7902327977726021,0.7902067058512614,0.7901843070886797,0.7901629073879015,0.7901399844327266,0.7901131791891479,0.7900802878635396,0.7900392542848563,0.7899881626810722,0.789925230822781,0.7898488035092783,0.7897573463746447,0.7896494399932792,0.7895237742661303,0.7893791430704395,0.7892144391572729,0.7890286492824011,0.7888208495572698,0.7885902010078608,0.78833594533021,0.7880574008322001,0.787753958552057,0.7874250785446645,0.7870702863274746,0.7866891694783646,0.786281374378331,0.785846603092381,0.7853846103824281,0.7848952008463919,0.7843782261780614,0.7838335825426138,0.7832612080629837,0.7826610804125378,0.7820332145097775,0.7813776603110121,0.7806945006971493,0.7799838494509614,0.7792458493213349,0.7784806701712023,0.7776885072059875,0.7768695792795396,0.7760241272746613,0.7751524125554632,0.774254715488868,0.7733313340327177,0.7723825823880192,0.7714087897129556,0.7704102988963855,0.7693874653886248
0.906,1.0,0.9829796055003744,0.9672986521748443,0.9528424466532961,0.9395083543343383,0.92720423134837,0.9158470960566916,0.9053619985019469,0.8956810542728899,0.8867426155833266,0.8784905573858646,0.8708736603427049,0.8638450756829034,0.8573618595598623,0.8513845666157461,0.845876894162866,0.8408053697846884,0.8361390763028306,0.8318494089995985,0.8279098607667609,0.8242958315005128,0.8209844586044752,0.8179544659162908,0.8151860287547127,0.8126606531055827,0.8103610672370565,0.8082711242651655,0.8063757143871854,0.8046606856678697,0.8031127724070317,0.8017195302400497,0.8004692772287552,0.7993510402914967,0.798354506400149,0.7974699780402438,0.7966883324898592,0.7960009845246301,0.7953998522013597,0.7948773254121783,0.7944262369357118,0.7940398357420586,0.793711762334982,0.7934360259382137,0.7932069833534323,0.7930193193357645,0.7928680283488359,0.7927483975757182,0.7926559910748382,0.7925866349812217,0.792536403663482,0.792501606755931,0.7924787769931702,0.7924646587816557,0.792456197449088,0.7924505291181995,0.7924449711566033,0.7924370131589465,0.7924243084217152,0.7924046658747225,0.7923760424366214,0.7923365357647567,0.7922843773723571,0.792217926088452,0.7921356618381074,0.792036179722484,0.7919181843800274,0.7917804846116482,0.7916219882542229,0.7914416972880105,0.79123870316477,0.7910121823444063,0.7907613920289436,0.790485666083468,0.7901844111344879,0.7898571028368451,0.7895032823009671,0.7891225526728272,0.7887145758594994,0.7882790693936862,0.7878158034310173,0.7873245978743231,0.7868053196194423,0.7862578799174454,0.7856822318484609,0.7850783679025538,0.7844463176633728,0.7837861455904802,0.7830979488965172,0.7823818555155323,0.7816380221589746,0.7808666324560275,0.7800678951750997,0.7792420425234264,0.7783893285218751,0.7775100274521541,0.7766044323737411,0.7756728537079587,0.7747156178867067,0.773733066063471,0.7727255528842926,0.7716934453164881
0.907,1.0,0.9830456781450859,0.9674299134053284,0.9530380350469191,0.9397674254269084,0.9275259527899887,0.9162306434812542,0.9058065520107121,0.8961857954490756,0.8873067249680686,0.8791132123567458,0.8715540333449895,0.864582332770908,0.8581551592119521,0.8522330587914431,0.8467797195747373,0.8417616593611658,0.837147950821037,0.8329099788697489,0.8290212259517699,0.8254570815562516,0.8221946728276122,0.819212713587991,0.8164913694695634,0.8140121371761229,0.8117577361651159,0.8097120112719813,0.807859844994921,0.8061870783257429,0.8046804391557879,0.8033274774089797,0.8021165061598925,0.8010365480860044,0.8000772866822722,0.7992290217345259,0.798482628607628,0.7978295209560353,0.7972616165095192,0.7967713056262336,0.7963514223398319,0.7959952176576539,0.7956963348936048,0.7954487868428273,0.7952469346259162,0.7950854680487227,0.7949593873399388,0.7948639861429881,0.7947948356514533,0.794747769788558,0.7947188713412792,0.7947044589685965,0.7947010750113851,0.7947054740385642,0.7947146120704891,0.7947256364262723,0.7947358761468082,0.7947428329498536,0.7947441726776122,0.7947377172009472,0.7947214367476563,0.7946934426252042,0.794651980310985,0.7945954228855908,0.794522264786722,0.7944311158633258,0.7943206957113149,0.7941898282737843,0.7940374366900974,0.7938625383794853,0.7936642403459704,0.7934417346924895,0.7931942943330295,0.7929212688924522,0.7926220807844715,0.7922962214589371,0.7919432478102266,0.7915627787391176,0.7911544918610477,0.7907181203541267,0.7902534499407149,0.789760315996763,0.7892386007834687,0.7886882307961307,0.7881091742253715,0.78750143852618,0.7868650680904642,0.7862001420190271,0.7855067719890999,0.7847851002137392,0.7840352974895852,0.7832575613296238,0.7824521141777618,0.7816192017021492,0.7807590911643085,0.7798720698612699,0.7789584436379933,0.7780185354674867,0.7770526840961138,0.7760612427516822,0.7750445779119814,0.7740030681315364
0.908,1.0,0.9831120536503726,0.967561782097629,0.953234536531623,0.9400277155890973,0.9278491989814682,0.9166160204190481,0.906253238287904,0.8966929705753232,0.8878735668704028,0.8797388952821287,0.8722377261149327,0.8653231973457556,0.8589523495284197,0.8530857198420072,0.8476869867016003,0.8427226577410019,0.8381617951196368,0.8339757730481377,0.8301380632074484,0.8266240443849946,0.8234108331927676,0.8204771331855096,0.817803100078137,0.8153702210827587,0.8131612066573406,0.811159893188603,0.8093511553279445,0.8077208268666104,0.8062556291796448,0.804943106391133,0.8037715665190576,0.8027300279493238,0.8018081706674408,0.8009962917447002,0.8002852646350822,0.7996665018908318,0.7991319209497166,0.7986739126864105,0.798285312454947,0.7979593733794812,0.7976897416772109,0.7974704338207477,0.7972958153679014,0.7971605813050955,0.7970597377668033,0.7969885850076861,0.7969427015168417,0.7969179291748357,0.7969103593642409,0.7969163199533453,0.7969323630806612,0.7969552536749939,0.7969819586521766,0.7970096367352772,0.7970356288501695,0.7970574490529251,0.7970727759495795,0.7970794445724897,0.7970754386808092,0.7970588834555591,0.7970280385624465,0.7969812915579824,0.7969171516165915,0.7968342435583803,0.7967313021589519,0.7966071667242555,0.7964607759148724,0.7962911628054369,0.7960974501660341,0.7958788459534801,0.7956346390013345,0.7953641948983341,0.7950669520457474,0.7947424178847994,0.794390165286003,0.7940098290927641,0.7936011028121757,0.7931637354463787,0.7926975284582923,0.7922023328659132,0.7916780464597325,0.7911246111381468,0.7905420103560233,0.7899302666818604,0.7892894394592213,0.7886196225683417,0.7879209422840276,0.7871935552261353,0.7864376463991117,0.7856534273172227,0.7848411342122511,0.7840010263205895,0.7831333842467606,0.7822385084005377,0.781316717504938,0.7803683471724666,0.7793937485470805,0.7783932870094542,0.7773673409431798,0.7763163005596515
0.909,1.0,0.9831787331550789,0.9676942605713372,0.9534319546403118,0.9402892295908545,0.9281739759451549,0.9170032341522182,0.9067020658753322,0.8972025894458183,0.8884431523228431,0.8803676184124112,0.8729247520943494,0.8660676840085412,0.859753446232199,0.8539425665698153,0.8485987133782787,0.843688383740229,0.8391806289407339,0.8350468121442521,0.8312603939487788,0.8277967421424781,0.8246329625291656,0.8217477481421152,0.8191212445464506,0.8167349292514391,0.8145715035255898,0.8126147951378897,0.8108496707446196,0.8092619568085567,0.8078383680806206,0.8065664427969522,0.8054344838501506,0.8044315052846414,0.803547183544999,0.8027718129744068,0.8020962651197862,0.8015119514518285,0.8010107891532068,0.8005851696676722,0.8002279297372115,0.7999323246847412,0.7996920037264049,0.7995009871209691,0.7993536449844835,0.7992446776166199,0.7991690972012464,0.7991222107581148,0.799099604235216,0.799097127642658,0.7991108811389278,0.799137201989357,0.7991726523245636,0.7992140076337557,0.7992582459341424,0.79930253756337,0.7993442355470018,0.7993808664975934,0.7994101220060367,0.7994298504894741,0.7994380494634058,0.7994328582085518,0.7994125508057051,0.7993755295141871,0.799320318471689,0.7992455576952013,0.7991499973644991,0.7990324923712093,0.798891997117917,0.7987275605530402,0.7985383214283656,0.798323503767174,0.7980824125318337,0.7978144294805802,0.7975190092039959,0.797195675332358,0.7968440169057026,0.7964636848989828,0.7960543888952379,0.7956158939001594,0.7951480172918498,0.7946506258999785,0.7941236332088735,0.7935669966794173,0.7929807151849008,0.7923648265562645,0.7917194052323862,0.7910445600113126,0.7903404318985198,0.789607192048494,0.7888450397960762,0.7880542007741935,0.7872349251147283,0.7863874857294321,0.7855121766679002,0.7846093115497523,0.783679222068271,0.7827222565628529,0.7817387786577296,0.7807291659644918,0.7796938088460577,0.7786331092397943
0.91,1.0,0.9832457178014369,0.9678273511531167,0.9536302929168696,0.9405519722171622,0.9285002897225478,0.9173922919861845,0.9071530433421315,0.8977146618859996,0.8890154923928915,0.8809993940364705,0.8736151247667236,0.8668158074048765,0.8605584650931961,0.854803615826243,0.8495149174901614,0.84465885622651,0.8402044720786058,0.8361231168197583,0.8323882396423676,0.8289751970349273,0.8258610837148042,0.8230245819375478,0.8204458268841057,0.8181062861482244,0.8159886516177883,0.8140767422741555,0.8123554166296058,0.8108104936902708,0.8094286814751441,0.8081975122446112,0.8071052836976673,0.806141005488179,0.805294350489371,0.8045556103040528,0.8039156545774354,0.8033658937210428,0.8028982447012858,0.8025050995856464,0.802179296573901,0.801914093272086,0.8017031419934882,0.8015404668943791,0.8014204427728493,0.8013377753773524,0.8012874830877101,0.8012648798456187,0.8012655592243985,0.8012853795389919,0.8013204499072369,0.8013671171823782,0.8014219536847388,0.8014817456675712,0.8015434824584619,0.8016043462233344,0.801661702305182,0.8017130900942026,0.8017562143900984,0.8017889372209559,0.8018092700864073,0.8018153665957357,0.8018055154742232,0.8017781339134471,0.8017317612433581,0.8016650529059178,0.801576774711813,0.8014657973633321,0.8013310912278986,0.801171721348043,0.8009868426747329,0.8007756955120263,0.8005376011619604,0.8002719577594033,0.7999782362874152,0.7996559767642994,0.7993047845941934,0.798924327073601,0.7985143300467813,0.7980745747033743,0.7976048945120727,0.7971051722845318,0.79657533736405,0.7960153629338842,0.7954252634403418,0.7948050921260623,0.794154938669146,0.7934749269239928,0.792765212759938,0.7920259819939462,0.791257448413794,0.7904598518883375,0.7896334565616061,0.7887785491275956,0.7878954371827599,0.7869844476533286,0.7860459252946727,0.7850802312600502,0.7840877417361682,0.7830688466430782,0.7820239483960042,0.7809534607268114
0.911,1.0,0.9833130087350712,0.9679610561767169,0.9538295549161838,0.940815948268063,0.9288281463743403,0.9177832012496931,0.9076061792848269,0.8982291977526229,0.8895905981831046,0.8816342344817292,0.8743088576572747,0.8675675822249468,0.8613674219283374,0.8556688845117003,0.8504356169732143,0.8456340941191345,0.8412333443796789,0.8372047077884424,0.8335216218063469,0.830159431318924,0.8270952196762831,0.8243076580978024,0.8217768711440202,0.8194843162789706,0.8174126758175543,0.8155457597827419,0.8138684183933712,0.8123664630705051,0.8110265949934471,0.809836340359346,0.8087839916059704,0.8078585539484051,0.8070496966592133,0.8063477085899088,0.8057434574908967,0.8052283527386889,0.8047943111242255,0.8044337253955139,0.8041394352822595,0.8039047007604259,0.8037231773412299,0.803588893192505,0.8034962279209928,0.80343989286237,0.8034149127419471,0.8034166085832648,0.8034405817545006,0.8034826990538548,0.8035390787451042,0.8036060774634413,0.8036802779196599,0.8037584773378507,0.8038376765681109,0.8039150698214373,0.8039880349790572,0.8040541244329737,0.8041110564186047,0.8041567068040216,0.8041891013035868,0.8042064080867376,0.8042069307553018,0.8041891016651112,0.8041514755698335,0.80409272356685,0.8040116273267652,0.8039070735896676,0.80377804891271,0.8036236346548052,0.8034430021854143,0.8032354083054133,0.8030001908689788,0.8027367645962508,0.8024446170673268,0.8021233048887909,0.8017724500246397,0.8013917362840053,0.8009809059586032,0.8005397566032876,0.8000681379535154,0.7995659489739066,0.7990331350324396,0.7984696851951144,0.7978756296362408,0.7972510371597269,0.796596012827026,0.7959106956875837,0.7951952566078553,0.7944498961951353,0.793674842812607,0.792870350682194,0.7920366980719267,0.7911741855646769,0.7902831344052414,0.7893638849228676,0.7884167950264322,0.7874422387695741,0.7864406049831958,0.7854122959728226,0.7843577262784079,0.7832773214942459
0.912,1.0,0.9833806071050052,0.9680953779829932,0.9540297442041726,0.9410811625587024,0.9291575519804673,0.9181759692948657,0.9080614823273884,0.8987462069338262,0.8901684808311628,0.8822721521142218,0.8750059643330202,0.8683230232035706,0.8621803326016189,0.8565383895756673,0.8513608298140022,0.8466141163890111,0.8422672657424941,0.8382916058161487,0.834660562010282,0.8313494673012749,0.8283353933886287,0.8255970001949088,0.8231144014221616,0.8208690441890066,0.8188436010438249,0.8170218728795842,0.8153887014717055,0.8139298905275236,0.8126321342789574,0.8114829527727878,0.8104706331185592,0.8095841760452428,0.8088132471965673,0.8081481326631988,0.8075796983092425,0.8070993525021589,0.8066990119002089,0.8063710699908969,0.8061083681083417,0.8059041686877347,0.8057521305416389,0.8056462859662538,0.8055810195064368,0.8055510482264707,0.8055514033497113,0.8055774131445266,0.8056246869466088,0.8056891002190043,0.8057667805612067,0.8058540945875883,0.8059476356033756,0.806044212013475,0.8061408364057862,0.8062347152563036,0.80632323920837,0.8064039738829888,0.8064746511811673,0.8065331610429037,0.8065775436307143,0.8066059819085313,0.806616794589436,0.8066084294280808,0.8065794568357773,0.8065285637981477,0.8064545480769787,0.806356312679463,0.8062328605794192,0.806083289676357,0.8059067879793722,0.8057026290039165,0.8054701673703842,0.8052088345943198,0.8049181350588006,0.8045976421602234,0.8042469946193627,0.8038658929501135,0.8034540960788407,0.8030114181077267,0.8025377252159119,0.8020329326926157,0.8014970020967576,0.8009299385379202,0.8003317880737736,0.7997026352193535,0.7990426005638045,0.7983518384904397,0.7976305349961507,0.7968789056063912,0.7960971933821382,0.7952856670153694,0.7944446190097579,0.7935743639434162,0.7926752368106406,0.791747591439732,0.7907917989840699,0.7898082464837298,0.788797335495021,0.7877594807854175,0.7866951090914435,0.7856046579371507
0.913,1.0,0.9834485140636733,0.9682303189199196,0.9542308643578088,0.9413476199193597,0.9294885126401451,0.9185706034972563,0.9085189611212925,0.8992656993491966,0.8907491515099394,0.8829131593386637,0.8757064584028411,0.8690821451202558,0.862997213024153,0.8574121480167262,0.8522905740497005,0.8475989420586642,0.8433062561176743,0.8393838317207151,0.8358050818750714,0.8325453273388748,0.8295816278751146,0.8268926318467057,0.8244584418572724,0.822260494462811,0.8202814522504768,0.8185051068107786,0.8169162913252228,0.8155008016585487,0.814245324987682,0.8131373751222845,0.8121652337773339,0.811317897149274,0.8105850272259983,0.8099569073291877,0.8094244014467841,0.8089789169650027,0.8086123704542554,0.8083171562027388,0.808086117225851,0.8079125185098511,0.8077900222747304,0.8077126650646524,0.8076748364949481,0.8076712595028739,0.8076969719654482,0.8077473095619688,0.8078178897714696,0.8079045969066336,0.8080035680956725,0.8081111801326019,0.8082240371242695,0.8083389588695883,0.8084529699127407,0.808563289217791,0.8086673204171879,0.8087626425911796,0.8088470015392243,0.8089183015081084,0.8089745973447677,0.8090140870447214,0.8090351046696861,0.8090361136102746,0.8090157001718432,0.8089725674634465,0.8089055295715916,0.8088135060020331,0.8086955163742459,0.8085506753544839,0.8083781878144485,0.8081773442036324,0.8079475161243266,0.8076881520990971,0.807398773521315,0.8070789707799824,0.8067283995507254,0.8063467772453781,0.8059338796130837,0.8054895374863009,0.8050136336655084,0.8045060999367899,0.8039669142168099,0.8033960978200125,0.8027937128431483,0.8021598596625066,0.8014946745394537,0.8007983273301003,0.800071019295119,0.7993129810059226,0.79852447034356,0.7977057705868786,0.796857188586605,0.7959790530221681,0.7950717127381804,0.7941355351576371,0.7931709047689808,0.7921782216842955,0.7911579002659879,0.7901103678193959,0.7890360633488647,0.7879354363749087
0.914,1.0,0.9835167307669221,0.9683658813426074,0.9544329189651458,0.9416153251954852,0.9298210344719207,0.9189671112559037,0.9089786243455852,0.8997876849498306,0.8913326214275624,0.8835572685985186,0.8764103535175459,0.8698449627992592,0.8638180791542159,0.8582901768825931,0.8532248677681117,0.8485885902022235,0.8443503355078917,0.840481406371911,0.8369552030728494,0.833747033838567,0.8308339462070812,0.8281945767166161,0.8258090166305957,0.8236586917236827,0.821726254425943,0.8199954868521407,0.8184512134388664,0.8170792220792032,0.8158661927875905,0.8147996330502221,0.8138678191218524,0.813059742620937,0.8123650618537397,0.8117740573662623,0.8112775912820965,0.8108670700358995,0.8105344101571472,0.8102720067981821,0.8100727047349778,0.8099297715992769,0.8098368731272961,0.8097880502335885,0.8097776977392557,0.8098005446019215,0.809851635510984,0.8099263137259337,0.810020205048179,0.8101292028280698,0.810249453918794,0.8103773454977391,0.8105094926838236,0.8106427268863982,0.8107740848276235,0.810900798185883,0.8110202838128496,0.8111301344813343,0.8112281101251152,0.8113121295355625,0.8113802624831494,0.8114307222348504,0.8114618584410734,0.8114721503681125,0.8114602004542526,0.8114247281695497,0.8113645641610372,0.811278644666649,0.8111660061825552,0.8110257803698365,0.8108571891875849,0.8106595402405085,0.8104322223300616,0.810174701198923,0.8098865154594357,0.8095672726972472,0.8092166457420454,0.8088343690978099,0.8084202355255136,0.8079740927716558,0.8074958404364239,0.8069854269756473,0.8064428468310593,0.8058681376836727,0.8052613778253733,0.8046226836440865,0.8039522072180957,0.8032501340153292,0.8025166806936059,0.8017520929980314,0.8009566437518842,0.8001306309375054,0.7992743758638379,0.7983882214173936,0.7974725303935584,0.7965276839052524,0.795554079866082,0.7945521315452161,0.7935222661913073,0.7924649237228978,0.7913805554827995,0.7902696230540516
0.915,1.0,0.9835852583740219,0.9685020676133204,0.9546359116253442,0.9418842832477339,0.9301551236137139,0.9193654999933805,0.9094404807069358,0.900312173718403,0.8919189018274865,0.8842044923760649,0.8771176633699345,0.8706114911096399,0.864642946997294,0.8591724932701533,0.8541637291076787,0.8495830799454167,0.8453995239678292,0.8415843506913674,0.8381109473268812,0.8349546092570044,0.8320923715037529,0.8295028585134167,0.8271661499655947,0.8250636606334123,0.8231780325928272,0.8214930383087631,0.8199934933214043,0.8186651774229485,0.8174947633579901,0.81646975220334,0.815578414688586,0.8148097378097207,0.8141533761668246,0.8135996075250087,0.8131392921570395,0.8127638355776285,0.8124651543243476,0.8122356444794446,0.8120681526612333,0.8119559492439746,0.811892703591664,0.8118724611145465,0.8118896219777676,0.81193892130978,0.8120154107742186,0.8121144413832297,0.8122316474428745,0.8123629315324745,0.8125044504297467,0.8126526019024751,0.8128040122953897,0.8129555248479837,0.8131041886853317,0.8132472484295894,0.8133821343849232,0.8135064532531175,0.8136179793411656,0.8137146462257696,0.8137945388429287,0.8138558859737198,0.8138970530999875,0.8139165356060183,0.8139129523043968,0.8138850392661288,0.8138316439368498,0.813751719522454,0.8136443196288832,0.8135085931420604,0.8133437793350692,0.8131492031907032,0.8129242709284246,0.8126684657255852,0.8123813436235238,0.8120625296098117,0.8117117138685325,0.8113286481910318,0.810913142540068,0.8104650617607484,0.8099843224320354,0.809470889852985,0.8089247751582231,0.8083460325574484,0.8077347566940574,0.8070910801182207,0.8064151708699863,0.8057072301681899,0.8049674902011555,0.8041962120153412,0.8033936834982637,0.8025602174521779,0.8016961497551319,0.8008018376061636,0.7998776578515067,0.79892400538881,0.7979412916464732,0.7969299431353027,0.7958904000697958,0.7948231150564457,0.7937285518465493,0.7926071841510843
0.916,1.0,0.9836540980476749,0.9686388801014898,0.9548398459486966,0.9421544989520034,0.930490786222863,0.9197657771558522,0.9099045389397012,0.900839175669228,0.8925080039885592,0.8848548431924617,0.8778284016948594,0.8713817449653191,0.8654718326061289,0.8600591143254892,0.8551071762574964,0.8505824304655586,0.8464538416041452,0.8426926856525111,0.8392723364114623,0.8361680761005058,0.8333569269320514,0.830817500991005,0.8285298661276708,0.8264754258919427,0.8246368118075149,0.8229977865145685,0.8215431565049235,0.8202586933405156,0.819131062388898,0.8181477582320406,0.8172970460101694,0.8165679080533542,0.8159499952322153,0.8154335825272867,0.8150095283757787,0.8146692374060353,0.8144046262149213,0.8142080918826908,0.8140724829542781,0.8139910726461609,0.8139575340644644,0.8139659172433447,0.8140106278332866,0.8140864072871404,0.8141883144078178,0.8143117081358235,0.8144522314674315,0.8146057964055524,0.8147685698553123,0.8149369603852509,0.8151076057829701,0.8152773613411127,0.815443288815873,0.8156026460058574,0.8157528769041722,0.8158916023810997,0.8160166113587887,0.8161258524429869,0.8162174259800944,0.8162895765107294,0.8163406855936167,0.8163692649759442,0.8163739500884568,0.8163534938454445,0.8163067607314934,0.8162327211583911,0.8161304460769776,0.8159991018299548,0.815837945232806,0.8156463188709691,0.8154236466023332,0.8151694292549332,0.8148832405104697,0.8145647229649355,0.8142135843582538,0.8138295939653556,0.8134125791416329,0.8129624220161485,0.8124790563263871,0.8119624643886937,0.8114126741988932,0.8108297566578765,0.810213822917222,0.8095650218401715,0.8088835375735131,0.8081695872261301,0.8074234186501824,0.8066453083210455,0.8058355593123201,0.8049944993623607,0.8041224790289249,0.8032198699286727,0.8022870630583634,0.801324467194731,0.8003325073701025,0.7993116234209451,0.7982622686066217,0.7971849082957176,0.7960800187173932,0.7949480857753088
0.917,1.0,0.983723250954018,0.9687763211837325,0.9550447255566541,0.9424259771994657,0.9308280284761681,0.9201679502131263,0.9103708078059844,0.9013687008483282,0.8930999392250881,0.885508333607817,0.8785425822692915,0.8721557393251341,0.8663047520807626,0.8609500572439115,0.856055227457323,0.8515866609915373,0.8475133085754333,0.8438064322804909,0.8404393921518105,0.8373874569249099,0.8346276357064075,0.8321385279481652,0.829900189423879,0.8278940122370346,0.8261026171597754,0.8245097568318555,0.8231002285443193,0.8218597954993364,0.8207751155804075,0.8198336767896959,0.8190237386146435,0.8183342786769909,0.817754944095933,0.817276007065295,0.8168883242037952,0.8165832992889916,0.816352849030442,0.8161893715768997,0.8160857174867517,0.8160351629210996,0.8160313848453902,0.8160684380488712,0.8161407338117257,0.8162430200679216,0.8163703629279091,0.8165181294395327,0.8166819714781611,0.8168578106682607,0.8170418242486099,0.8172304318022281,0.8174202827800037,0.817608244754067,0.817791392343234,0.8179669967584948,0.8181325159215381,0.818285585113803,0.8184240081175986,0.8185457488144159,0.8186489232088259,0.8187317918492338,0.8187927526193959,0.8188303338769116,0.8188431879170461,0.818830084742092,0.8187899061182071,0.8187216399031658,0.8186243746298678,0.8184972943316525,0.8183396735966112,0.8181508728390657,0.8179303337773134,0.8176775751075244,0.8173921883644497,0.8170738339602155,0.8167222373931224,0.8163371856188874,0.8159185235772554,0.8154661508673627,0.8149800185656255,0.8144601261802987,0.8139065187371783,0.8133192839912227,0.8126985497591439,0.8120444813682723,0.8113572792172197,0.8106371764440887,0.8098844366981603,0.809099352011175,0.8082822407644766,0.8074334457484607,0.8065533323108867,0.8056422865907691,0.8047007138346558,0.803729036792255,0.8027276941884451,0.8016971392688256,0.8006378384160566,0.7995502698343299,0.7984349222993946,0.7972922939716532
0.918,1.0,0.9837927182626353,0.9689143932438663,0.9552505540818504,0.942698722896606,0.9311668565699361,0.9205720266587027,0.9108392960956931,0.9019007593334931,0.8936947188869047,0.8861649762212517,0.8792602189123808,0.8729334891928937,0.867141721568583,0.8618453392699896,0.8570079009975914,0.8525957908038048,0.8485779450921828,0.8449256116521086,0.841612136423958,0.8386127743354275,0.8359045210885695,0.8334659632283277,0.8312771442026371,0.8293194444439227,0.827575473772368,0.8260289746508449,0.8246647350167792,0.8234685095829647,0.822426948642054,0.8215275335319495,0.8207585180246975,0.8201088749923872,0.8195682477821731,0.8191269058006377,0.8187757038668979,0.8185060449453551,0.8183098459139069,0.8181795060627296,0.8181078780530968,0.8180882410958893,0.8181142761359551,0.8181800428518184,0.8182799583008245,0.8184087770579728,0.8185615727127765,0.8187337206027213,0.8189208816745116,0.8191189873755229,0.8193242254878289,0.8195330268260482,0.8197420527281599,0.8199481832754764,0.8201485061842634,0.8203403063171039,0.8205210557671321,0.8206884044727609,0.8208401713245418,0.8209743357294081,0.8210890296007832,0.821182529745921,0.8212532506244732,0.821299737454575,0.8213206596448713,0.8213148045327661,0.8212810714108812,0.8212184658252263,0.8211260941299575,0.8210031582848262,0.8208489508825324,0.8206628503941947,0.8204443166220488,0.8201928863492886,0.8199081691777151,0.8195898435444904,0.819237652909913,0.8188514021086545,0.8184309538573887,0.8179762254121891,0.8174871853694585,0.8169638506045248,0.8164062833423716,0.81581458835525,0.8151889102822178,0.8145294310658813,0.8138363675018493,0.8131099688966242,0.81235051482983,0.8115583130168795,0.8107336972683166,0.8098770255422485,0.8089886780864043,0.8080690556664987,0.8071185778776956,0.8061376815360835,0.8051268191471882,0.8040864574486422,0.8030170760242288,0.8019191659866222,0.8007932287262101,0.7996397747234969
0.919,1.0,0.9838625011465625,0.9690530986729274,0.9554573351681301,0.9429727409652557,0.9315072767200281,0.9209780140098333,0.9113100126266012,0.9024353612343501,0.8942923543594349,0.8868247836709683,0.8799813254855193,0.8737150096174356,0.8679827572643668,0.8627449776975794,0.8579652152194196,0.8536098392343602,0.8496477714167363,0.8460502448957448,0.8427905911546426,0.8398440509864923,0.8371876063874077,0.8347998307193295,0.8326607548534358,0.8307517473249694,0.8290554068006386,0.8275554653892196,0.8262367015212642,0.8250848612904992,0.8240865872921688,0.8232293541160108,0.8225014097569013,0.821891722297079,0.8213899312924243,0.8209863033633809,0.8206716915502257,0.8204374980439199,0.8202756399486385,0.8201785177713797,0.8201389863683798,0.8201503281082521,1.0,0.962360428253832,0.8204283195688644,0.820583695533776,0.8207619600015589,0.8209584967849985,0.8211689760977752,0.8213893394149506,0.82161578527497,0.8218447559446053,0.822072924876142,0.8222971848931632,0.8225146370475629,0.8227225800960261,0.8229185005492426,0.8231000632515881,0.8232651024530404,0.8234116133386878,0.8235377439844105,0.8236417877102005,0.8237221758051945,0.823777470600803,0.8238063588704166,0.8238076455360471,0.8237802476639486,0.8237231887327646,0.8236355931591385,0.8235166810669142,0.8233657632871912,0.8231822365774581,0.8229655790489624,0.822715345792224,0.822431164691397,0.8221127324187639,0.8217598106013037,0.8213722221517611,0.8209498477571556,0.8204926225180915,0.8200005327326373,0.819473612818884,0.8189119423706405,0.8183156433410066,0.8176848773488369,0.8170198431033528,0.8163207739424045,0.8155879354800599,0.8148216233594225,0.8140221611067282,0.8131898980829513,0.8123252075292947,0.8114284847030752,0.8105001451006544,0.8095406227641806,0.8085503686690296,0.8075298491889231,0.8064795446358404,0.8053999478718902,0.8042915629904455,0.8031549040638988,0.8019904939555013
0.92,1.0,0.9839326007822942,0.969192439869184,0.9556650724705721,0.9432480363426309,0.9318492951618997,0.9213859198075702,0.9117829662444067,0.9029725166924233,0.8948928570637642,0.8874877686343168,0.880705915892405,0.8745003156926762,0.8688278754103228,0.8636489898698514,0.8589271885146146,0.8546288256667359,0.8507228078632465,0.8471803531912805,0.8439747783211947,0.8410813095816071,0.8384769149587215,0.8361401543531678,0.8340510458065417,0.8321909457293171,0.830542441432114,0.8290892544916608,0.8278161536779839,0.8267088763359957,0.8257540572572367,0.8249391641999491,0.8242524393209406,0.82368284587355,0.8232200196045801,0.8228542243511102,0.8225763113972507,0.8223776822023686,0.8222502541571889,0.8221864290634493,0.8221790640671136,0.8222214448053191,0.8223072605537143,0.8224305811841668,0.822585835763384,0.8227677926411517,0.8229715408929481,0.8231924729959188,0.8234262686297968,0.8236688795055666,0.8239165151345923,0.8241656294598162,0.8244129082784968,0.8246552573929942,0.8248897914323863,0.8251138232933,0.8253248541533529,0.8255205640150686,0.8256988027421516,0.8258575815535892,0.8259950649442599,0.8261095630036185,0.8261995241066109,0.8262635279532833,0.8263002789356464,0.8263085998122113,0.8262874256723013,0.8262357981737465,0.8261528600389321,0.8260378497953811,0.8258900967481554,0.8257090161723477,0.8254941047148144,0.8252449359951172,0.8249611563963467,0.8246424810371578,0.8242886899169424,0.8238996242265695,0.8234751828176412,0.8230153188236009,0.8225200364264679,0.8219893877632859,0.8214234699667373,0.8208224223346366,0.8201864236232999,0.8195156894600382,0.8188104698702305,0.8180710469146493,0.8172977324329035,0.816490865889026,0.8156508123154075,0.8147779603514217,0.8138727203732226,0.8129355227113427,0.8119668159528143,0.81096706532468,0.8099367511558458,0.8088763674143465,0.8077864203171776,0.8066674270099551,0.8055199143137358,0.8043444175364365
0.921,1.0,0.9840030183497958,0.9693324192381552,0.9558737696555181,0.9435246139813646,0.9321929181506481,0.9217957516168205,0.9122581658227927,0.9035122358812024,0.8954962384567057,0.8881539438278571,0.8814340040790989,0.8752894225576698,0.8696770922961338,0.8645573931793176,0.8598938393256849,0.8556527695359798,0.8518030747976305,0.8483159577700218,0.8451647199514214,0.8423245728731904,0.8397724702050344,0.8374869581057539,0.8354480415326989,0.833637064542533,0.8320366028860928,0.8306303674293792,0.8294031171278708,0.8283405804478795,0.8274293842712417,0.8266569894419796,0.826011632218837,0.8254822709884002,0.8250585376720451,0.8247306933279788,0.8244895875087713,0.8243266209862168,0.8242337115002374,0.8242032622277926,0.8242281327020712,0.8243016119424124,0.824417393581859,0.8245695528025737,0.8247525249098956,0.8249610853939632,0.825190331343892,0.825435664093686,0.825692772991687,0.825957620196534,0.8262264264125628,0.8264956574864042,0.8267620117944343,0.8270224083577432,0.8272739756275553,0.827514040889629,0.8277401202411713,0.827949909098254,0.8281412731957435,0.8283122400453118,0.8284609908203295,0.8285858526392864,0.8286852912219999,0.8287579038951421,0.8288024129257315,0.8288176591630604,0.8288025959712321,0.8287562834359603,0.8286778828306516,0.8285666513279876,0.8284219369443324,0.828243173705251,0.8280298770213339,0.8277816392642868,0.8274981255339957,0.8271790696078908,0.8268242700645384,0.8264335865739036,0.8260069363472098,0.825544290739741,0.8250456720003386,0.8245111501616771,0.8239408400657405,0.823334898519212,0.822693521573738,0.8220169419262983,0.8213054264351177,0.8205592737467579,0.8197788120302325,0.818964396814147,0.818116408923027,0.8172352525091637,0.8163213531764136,0.8153751561925598,0.8143971247869246,0.8133877385300621,0.8123474917924641,0.8112768922793101,0.8101764596383855,0.8090467241384027,0.8078882254150271,0.80670151128201
0.922,1.0,0.9840737550325042,0.9694730391926262,0.9560834304005961,0.9438024788495438,0.9325381519610595,0.9222075170263979,0.912735620263487,0.9040545290062033,0.8961025100308614,0.888823322007429,0.8821656040340914,0.8760823453966576,0.8705304242589993,0.8654702050678568,0.8608651861458422,0.8566816903286371,0.8528885926375237,0.8494570799146195,0.8463604381234939,0.8435738636624156,0.8410742955753958,0.8388402659966623,0.8368517665428261,0.8350901286862559,0.8335379164132318,0.8321788296996443,0.8309976175320448,0.8299799993683515,0.8291125940750136,0.8283828554997464,0.8277790139441743,0.8272900228915038,0.8269055104228361,0.8266157348237548,0.8264115439419081,0.8262843379077547,0.8262260348754847,0.8262290394803702,0.8262862137431016,0.8263908501818279,0.8265366469190523,0.8267176845938775,0.8269284049105995,0.8271635906728233,0.8274183471682963,0.8276880847838619,0.8279685027425383,0.8282555738658912,0.8285455302748189,0.8288348499506896,0.8291202440866532,0.8293986451659621,0.8296671957103795,0.8299232376473618,0.8301643022496763,0.8303881006055787,0.8305925145816822,0.8307755882441921,0.8309355197074227,0.8310706533813297,0.8311794725924118,0.8312605925545914,0.8313127536687963,0.8313348151317764,0.8313257488363948,0.8312846335470914,0.8312106493355892,0.8311030722631004,0.8309612692963865,0.8307846934459929,0.8305728791158695,0.8303254376543542,0.8300420530972432,0.8297224780942785,0.8293665300109814,0.8289740871982806,0.828545085422845,0.8280795144514762,0.8275774147832783,0.8270388745236943,0.8264640263948072,0.8258530448765886,0.8252061434740594,0.82452357210554,0.823805614607421,0.8230525863510648,0.8222648319676413,0.8214427231768815,0.8205866567158817,0.8196970523642472,0.8187743510619948,0.817819013116779,0.8168315164971032,0.815812355208321,0.8147620377483124,0.8136810856398503,0.8125700320367387,0.8114294204009356,0.8102598032479212,0.8090617409576947
0.923,1.0,0.9841448120173402,0.9696143021526653,0.9562940583947465,0.9440816359307465,0.9328850028876491,0.9226212236490774,0.9132153384963216,0.9045994063050341,0.8967116833146952,0.8894959159682136,0.8829007297883594,0.8768790994391255,0.8713878876836778,0.8663874430267411,0.8618412475190104,0.8577156075827314,0.8539793818522309,0.8506037409589882,0.8475619549658235,0.8448292047990552,0.8423824145651756,0.8402001020888762,0.8382622453877134,0.836550163117833,0.8350464072951302,0.8337346668253071,0.8325996805712791,0.8316271588527901,0.8308037124155675,0.8301167880296003,0.8295546099813125,0.8291061268151674,0.8287609627586828,0.8285093733328623,0.8283422047090891,0.8282508564249853,0.8282272471165458,0.8282637829631001,0.8283533285759421,0.828489180091613,0.8286650402572562,0.8288749953187836,0.829113493543102,0.8293753252238016,0.8296556040357299,0.8299497496180731,0.8302534712781481,0.8305627527192909,0.8308738377061293,0.831183216589384,0.8314876136201781,0.8317839749908621,0.8320694575455911,0.8323414181094849,0.832597403390174,0.832835140409989,0.8330525274310397,0.8332476253389891,0.8334186494545207,0.8335639617443535,0.8336820634062317,0.8337715878045896,0.8338312937356838,0.8338600590027933,0.8338568742837883,0.8338208372748186,0.8337511470952295,0.8336470989400151,0.8335080789671844,0.8333335594083928,0.8331230938920701,0.8328763129690405,0.8325929198313685,0.8322726862157643,0.8319154484834822,0.8315211038691628,0.8310896068915152,0.8306209659191877,0.8301152398855344,0.8295725351463511,0.8289930024749556,0.8283768341892822,0.8277242614059215,0.8270355514162725,0.8263110051802006,0.825550954932782,0.824755761899925,0.8239258141188012,0.823061524359203,0.8221633281420799,0.8212316818516385,0.8202670609375431,0.8192699582038437,0.8182408821814012,0.8171803555806693,0.8160889138218048,0.8149671036391701,0.813815481757392,0.8126346136362245,0.811425072281553
0.924,1.0,0.9842161904947135,0.9697562105456392,0.9565056573382501,0.9443620902240747,0.9332334772447081,0.9230368791216479,0.9136973294792926,0.9051468780474604,0.8973237698725943,0.8901717385448019,0.8836393954154292,0.877679699959851,0.8722494990025246,0.8673091245966602,0.8628220420398268,0.8587545408877441,0.8550754629626769,0.8517559622882228,0.8487692926569465,0.846090619181315,0.8436968507158532,0.8415664904885323,0.8396795026577119,0.838017192829959,0.8365621008439066,0.8352979043543206,0.8342093319454579,0.8332820846691472,0.8325027650454379,0.8318588126858716,0.8313384458046006,0.8309306079732818,0.83062491955412,0.8304116333134187,0.830281593777036,0.8302261999405596,0.8302373709918375,0.8303075147427037,0.8304294985010267,0.8305966221443467,0.8308025931827822,0.8310415036221966,0.8313078084591319,0.8315963056571338,0.8319021174701342,0.8322206729927255,0.832547691829743,0.8328791687887437,0.8332113595088665,0.8335407669483966,0.8338641286612031,0.8341784047992058,0.8344807667842896,0.8347685865986277,0.8350394266473699,0.8352910301520834,0.835521312037314,0.8357283502761901,0.8359103776641771,0.8360657739929291,0.8361930585987624,0.8362908832625273,0.8363580254397474,0.836393381801697,0.8363959620697681,0.836364883126936,0.8362993633914827,0.8361987174393087,0.836062350862263,0.8358897553508512,0.835680503990586,0.8354342467619869,0.8351507062349701,0.8348296734489719,0.8344710039707423,0.8340746141222443,0.8336404773715664,0.8331686208801706,0.8326591222001768,0.8321121061157387,0.8315277416228702,0.8309062390423642,0.8302478472607147,0.8295528510941836,0.8288215687713782,0.8280543495298902,0.8272515713227546,0.8264136386306375,0.8255409803758265,0.8246340479342537,0.8236933132419002,0.8227192669920781,0.8217124169201969,0.8206732861727409,0.8196024117572848,0.8185003430704874,0.8173676405010984,0.8162048741051017,0.8150126223502171,0.8137914709270626
0.925,1.0,0.9842878916585345,0.9698987668062302,0.9567182309427529,0.9446438467441921,0.9335835813663502,0.923454491104966,0.9141816021986187,0.905696954535466,0.8979387813049374,0.8908508026112552,0.8843816150314371,0.8784841622789614,0.8731152746955335,0.8682352673677441,0.8638075883536456,0.8597985098845915,0.8561768565413557,0.8529137653385139,0.8499824734253968,0.8473581297556719,0.8450176276148119,0.8429394553446595,0.8411035629824206,0.8394912428503066,0.8380850224017766,0.8368685678592555,0.8358265973730321,0.8349448025973448,0.8342097777220108,0.8336089551201397,0.8331305468775827,0.8327634915604681,0.8324974056555746,0.8323225391862686,0.8322297350657425,0.8322103918007051,0.8322564292034635,0.8323602568095487,0.8325147447322931,0.8327131967159132,0.8329493251750391,0.8332172280319486,0.8335113671832561,0.8338265484459306,0.8341579028485301,0.8345008691477214,0.8348511774627086,0.8352048339313707,0.8355581063017837,0.8359075103816451,0.8362497972759442,0.8365819413502072,0.8369011288628968,0.8372047472160777,0.8374903747784509,0.8377557712392733,0.8379988684556647,0.8382177617593314,0.8384107016919267,0.8385760861410985,0.8387124528518274,0.8388184722899309,0.8388929408366612,0.838934774295145,0.8389430016910723,0.8389167593514968,0.8388552852469449,0.8387579135832167,0.8386240696303238,0.8384532647769628,0.8382450917998021,0.8379992203376023,0.837715392560927,0.837393419028785,0.8370331747241443,0.8366345952607485,0.8361976732541334,0.835722454850155,0.8352090364047209,0.8346575613087538,0.8340682169527232,0.833441231825382,0.8327768727415733,0.8320754421942306,0.8313372758259135,0.8305627400153899,0.8297522295750004,0.8289061655546739,0.8280249931486446,0.8271091797010585,0.826159212806784,0.825175598503902,0.8241588595544265,0.8231095338099667,0.822028172659109,0.8209153395534435,0.8197716086092106,0.8185975632816851,0.8173937951094621,0.8161609025259378
0.926,1.0,0.9843599167062154,0.9700419733764533,0.9569317829312906,0.9449269105213589,0.9339353216065552,0.9238740672840067,0.9146681656688026,0.9062496461033223,0.8985567292481609,0.8915331210811749,0.885127402795186,0.8792925017619793,0.8739852312903755,0.8691658889795866,0.8647979051565409,0.860847534265602,0.8572835832122763,0.8540771715970583,0.8512015195495833,0.8486317595167046,0.8463447688951218,0.8443190208489177,0.842534451030374,0.8409723382411567,0.8396151973406221,0.8384466829368111,0.8374515025904687,0.836615338428658,0.8359247762068487,0.8353672409804963,0.8349309386522024,0.8346048027512214,0.8343784458804534,0.8342421153340108,0.8341866524474518,0.834203455294154,0.8342844443860962,0.8344220310764903,0.8346090883959894,0.8348389240842778,0.8351052556052858,0.8354021869575309,0.8357241871116008,0.8360660699248926,0.836422975399734,0.836790352165178,0.8371639410753239,0.8375397598281569,0.8379140885188,0.8382834560498752,0.838644627329502,0.8389945911944432,0.839330549002125,0.8396499038408131,0.8399502503121854,0.8402293648449545,0.8404851965021678,0.8407158582483362,0.8409196186457156,0.8410948939518972,0.8412402405933941,0.8413543479921909,0.8414360317242506,0.8414842269908049,0.8414979823848793,0.84147645393698,0.8414188994251818,0.8413246729360317,0.8411932196637498,0.8410240709361524,0.8408168394565884,0.8405712147519331,0.840286958817388,0.8399639019494493,0.8396019387589723,0.8392010243567622,0.8387611707045785,0.8382824431248499,0.8377649569627803,0.8372088743948476,0.8366144013780215,0.8359817847342983,0.8353113093654039,0.8346032955927576,0.833858096617999,0.8330760960995754,0.8322577058410745,0.831403363587156,0.8305135309230814,0.8295886912740077,0.828629348000323,0.8276360225854552,0.8266092529126791,0.8255495916275958,0.8244576045830286,1.0,0.8221789738842474,0.8209935150678541,0.819778097585621,0.8185333326709472
0.927,1.0,0.9551831780039501,0.9701858327056707,0.9475595729264404,0.9425925355501275,0.934288704339213,0.9242956153679193,0.9151570289326902,0.9068049631176469,0.938886884097278,0.8922187069077628,0.8858767729082107,0.8801047338198789,0.8748593853624376,0.9424765193994866,0.9456336217342954,0.8619016337744918,0.8583956636509088,0.9515858778473667,0.9561295301332301,0.8499115315069249,0.8476782982353243,0.8457052112353302,0.8439721915087202,0.9685476200931841,0.8411526510615583,0.8400322752073239,0.8390840733516987,0.838293717965104,0.8376477862650136,0.8371336959108053,0.8367396465679992,0.8364545666990485,0.8362680650162209,0.9930080684584914,0.9972924287940662,0.8362054136510674,0.8363214391058534,0.8364928593777103,0.8367125505294755,0.83697382442826,0.8372704037353774,0.8375963986888235,0.8379462855105663,0.8383148862890202,1.0066247921275726,0.8390891359681527,0.839485995397501,0.8398839579827149,0.8402793164077917,0.8406686129194888,0.8410486264847349,0.8414163606727774,0.8417690322059554,0.8421040601285417,0.8424190555480338,0.8427118119076932,0.8429802957530814,0.8432226379588684,0.8434371253853459,0.8436221929368976,0.8437764159972162,0.8438985032183057,0.8439872896423495,0.8440417301373229,0.844060893128882,0.8440439546124837,0.8439901924310373,0.843898980804531,0.8437697850991495,0.8436021568243338,0.8433957288470826,0.8431502108135634,1.0,0.842541100965703,0.8421772738556512,0.9897007581214579,0.8413309456639558,0.8408485607815146,0.8403268581257343,0.8397660188377981,0.8391662676134737,0.8385278697734471,0.8378511284649316,0.8371363819896236,0.8363840012532701,0.8355943873323162,0.8347679691532868,0.8339052012807104,0.8330065618095689,0.8320725503583787,0.8311036861591679,0.8301005062407305,0.8290635637016531,0.8279934260697489,0.8268906737446053,0.8257558985200979,0.8245897021837835,0.8233926951902112,0.8221654954052633,0.8209087269187328
0.928,1.0,0.9845049432603782,0.9703303472506102,0.9573618370097317,0.9454969800460825,0.9346437359581711,0.9247191430900794,0.9156482010615299,0.9073629159774695,0.899801481393663,0.8929075730838879,0.8866297396148313,0.8809208739091321,0.8757377535348609,0.8710406395313671,0.8667929252674518,0.862960828206337,0.8595131185841274,0.8564208799422084,0.8536572972274018,0.8511974688166045,0.8490182393592148,0.8470980507800167,0.8454168091628996,0.843955765554275,0.8426974089945007,0.8416253703142698,0.8407243354275565,0.8399799670188194,0.8393788336643826,0.8389083455499575,0.838556696051304,0.8383128085356018,0.8381662878194754,0.8381073757874907,0.8381269107339246,0.8382162900419527,0.8383674358591775,0.8385727634675515,0.8388251520800246,0.8391179178263033,0.8394447887165153,0.8397998813948285,0.8401776795155503,0.8405730135923322,0.8409810421870866,0.8413972343193687,0.8418173529895284,0.8422374397200505,0.8426538000293892,0.8430629897613799,0.8434618022011362,0.8438472559152885,0.8442165832606282,0.8445672195107581,0.8448967925552763,0.8452031131304312,0.8454841655441334,0.8457380988617087,0.8459632185219423,0.8461579783557707,0.8463209729824965,0.8464509305606526,0.8465467058726718,0.8466072737243069,0.84663172264139,0.8466192488479403,0.8465691505109642,0.8464808222384234,0.8463537498179255,0.8461875051846004,0.8459817416074917,0.8457361890845346,0.8454506499368796,0.8451249945939301,0.8447591575610159,0.844353133562115,0.843906973850497,0.8434207826805481,0.8428947139344248,0.842328967897501,0.841723788176879,0.8410794587575174,0.840396301190768,0.839674671910354,0.8389149596710317,0.8381175831053616,0.8372829883942137,0.8364116470467828,0.8355040537860465,0.8345607245357594,0.8335821945051818,0.8325690163679165,0.8315217585312854,0.8304410034928611,0.8293273462808193,0.8281813929749215,0.8270037593050156,0.8257950693240489,0.8245559541526726,0.8232870507926185
0.929,1.0,0.9845779471792816,0.9704755194753802,0.9575783466028989,0.9457839959324675,0.9350004228772769,0.9251446582081428,0.9161416911550309,0.907923515114297,0.9004283090496875,0.8935997326421465,0.8873863172022146,0.8817409375317634,0.8766203524785763,0.8719848039980007,0.86779766622121,0.8640251374075484,0.8606359687901534,0.8576012252574419,0.8548940735860647,0.8524895945836006,0.850364616035619,0.8484975638009185,0.8468683287763213,0.8454581477707559,0.8442494965977193,0.8432259939237635,0.8423723146052198,0.841674111411436,0.8411179441749616,0.8406912155311216,0.8403821125144262,0.840179553369808,0.8400731390150223,0.8400531086584051,0.8401102991351485,0.8402361075765816,0.8404224570717035,0.8406617650193509,0.8409469139036212,0.8412712242552474,0.841628429587993,0.8420126531223977,0.8424183861296667,0.8428404677465812,0.8432740661282855,0.8437146608199483,0.8441580262408197,0.844600216185338,0.8450375492557839,0.8454665951497798,0.8458841617337278,0.8462872828402169,0.8466732067336457,0.8470393851938114,0.8473834631721493,0.8477032689797013,0.847996804969822,0.8482622386821407,0.8484978944174345,0.8487022452158676,0.8488739052135712,0.8490116223547745,0.8491142714387141,0.8491808474823387,0.8492104593814513,0.8492023238543538,0.8491557596533804,0.8490701820308264,0.848945097446866,0.8487800985079336,0.8485748591249254,0.8483291298812934,0.8480427336018068,0.8477155611133381,0.8473475671896005,0.8469387666722372,0.8464892307611193,0.8459990834671033,0.8454684982208709,0.8448976946317862,0.8442869353910354,0.843636523313551,0.8429467985134964,0.8422181357083084,0.8414509416465065,0.8406456526546575,0.8398027322990879,0.8389226691580829,0.8380059747004641,0.8370531812666054,0.8360648401480493,0.8350415197620462,0.8339838039174324,0.8328922901684025,0.8317675882528144,0.8306103186118047,0.8294211109875497,0.8282006030961483,0.8269494393726553,0.8256682697854225
0.93,1.0,0.9846512798068989,0.9706213518514881,0.9577958495866838,0.946072339353629,0.9353587715304272,0.9255721685040971,0.9166375083414265,0.9084867709921772,0.9010581201242119,0.8942951986549325,0.8881465200004339,0.8825649402353939,0.8775071989123422,0.8729335183588227,0.8688072529555267,0.8650945812758406,0.8617642350984949,0.8587872602379985,0.8561368049102589,0.8537879319931799,0.8517174520781705,0.8499037746575264,0.8483267751700302,0.8469676759453952,0.8458089393574001,0.8448341717240551,0.844028036687641,0.8433761769734504,0.8428651435681924,0.8424823314809883,0.8422159213548389,0.8420548262869932,0.8419886432949385,0.8420076089325935,0.8421025586202218,0.8422648893029021,0.8424865250971314,0.8427598856242708,0.8430778567637601,0.8434337635890968,0.8438213452759437,0.8442347317949653,0.8446684222224685,0.8451172645199737,0.8455764366498364,0.846041428908146,0.8465080273686691,0.8469722983426992,0.8474305737695395,0.8478794374611087,0.8483157121319577,0.8487364471529169,0.8491389069727857,0.8495205601579858,0.8498790690050052,0.8502122796848623,0.8505182128827314,0.85079505489936,0.8510411491840605,0.8512549882718204,0.8514352060996129,0.8515805706791904,0.8516899771056721,0.8517624408830041,0.851797091548999,0.8517931665840645,0.8517500055890497,0.8516670447187629,0.8515438113587624,0.8513799190339401,0.851175062538247,0.8509290132756652,0.8506416148031848,0.8503127785671614,0.8499424798249549,0.8495307537442605,0.849077691672959,0.8485834375727271,0.8480481846100074,0.847472171898252,0.8468556813856705,0.8461990348829612,0.8455025912257753,0.8447667435668644,0.843991916793093,0.8431785650626782,0.8423271694581932,0.8414382357510474,0.8405122922732989,0.8395498878928128,0.8385515900878899,0.8375179831176534,0.8364496662845669,0.8353472522856005,0.8342113656486486,0.8330426412509309,0.8318417229161832,0.8306092620875747,0.8293459165733408,0.8280523493622576
0.931,1.0,0.984724942358282,0.9707678468578541,0.9580143497414684,0.9463620154183506,0.9357187883716069,0.9260016817843172,0.9171356617775308,0.9090526941077604,0.9016909264349378,0.8949939842344916,0.8889103623825247,0.8833928976132945,0.8783983096027798,0.8738868005010516,0.8698217044200574,0.8661691797602032,0.8628979383898858,0.8599790066247459,0.8573855137258098,0.8550925042778355,0.8530767713450814,0.8513167077505994,0.8497921732023785,0.848484375307823,0.8473757627871911,0.8464499294250187,0.8456915274929782,0.8450861895435915,0.8446204576162569,0.8442817190190122,0.8440581479543582,0.8439386523480021,0.843912825317636,0.8439709007867182,0.8441037128071378,0.8443026582059487,0.8445596622160914,0.8448671467901269,0.8452180013302383,0.8456055555977877,0.8460235545920871,0.8464661352112804,0.8469278045286703,0.8474034195358923,0.8478881682203078,0.8483775518580907,0.8488673684170087,0.8493536969739893,0.8498328830624143,0.8503015248728382,0.8507564602386112,0.8511947543448208,0.8516136881051289,0.8520107471565959,0.8523836114274752,0.8527301452373478,0.8530483878928704,0.853336544745901,0.8535929786838852,0.8538162020251618,0.854004868794355,0.8541577673552284,0.8542738133803839,0.8543520431389494,0.854391607085023,0.8543917637310338,0.8543518737914864,0.8542713945836843,0.8541498746730536,0.8539869487516127,0.8537823327389561,0.8535358190958485,0.8532472723412172,0.8529166247638882,0.8525438723209842,0.8521290707153635,0.8516723316449286,0.8511738192170166,0.8506337465214465,0.8500523723561234,0.8494299980993876,0.8487669647235705,0.8480636499444628,0.8473204655016199,0.8465378545646453,0.8457162892607771,0.8448562683192801,0.8439583148283125,0.8430229741000871,0.8420508116402947,0.8410424112178838,0.8399983730314361,0.8389193119684725,0.8378058559541688,0.8366586443860454,0.8354783266513192,0.8342655607236924,0.8330210118364729,0.8317453512289813,0.8304392549633319
0.932,1.0,0.9847989360520337,0.9709150069808308,0.9582338508591872,0.946653029251227,0.936080479874941,0.9264332058796168,0.9176361606487982,0.9096212949903648,0.9023267398360161,0.895696102532995,0.8896778587645434,0.8842248253044324,0.8792937013644097,0.8748446683614877,0.870841039615165,0.8672489528608679,0.8640370995962232,0.8611764862089966,0.858640222607619,0.8564033347171076,0.8544425977389134,0.8527363875218866,0.8512645477686867,0.8500082711199723,0.8489499924277555,0.8480732927576403,0.8473628128540177,0.8468041749681817,0.8463839120913758,0.8460894037566489,0.8459088176783198,0.8458310565883158,0.8458457097069222,0.8459430083532838,0.8461137852599137,0.846349437206748,0.846641890635006,0.8469835699402132,0.8473673681779527,0.8477866199459554,0.8482350762324756,0.8487068810441375,0.849196549646873,0.8496989482716183,0.8502092751523975,0.850723042778528,0.851236061255175,0.8517444226775911,0.8522444864341882,0.8527328653623606,0.8532064126887301,0.853662209692417,0.8540975540360973,0.8545099487150952,0.8548970915796589,0.8552568653899295,0.8555873283670197,0.855886705207077,0.8561533785283428,0.8563858807239679,0.856582886195837,0.8567432039468775,0.8568657705112933,0.8569496432039571,0.8569939936717607,0.8569981017311564,0.856961349477385,0.856883215652021,0.8567632702564917,0.8566011694001193,0.8563966503720916,0.8561495269274398,0.8558596847778321,0.8555270772785137,0.8551517213033121,0.8547336933000657,0.8542731255192959,0.8537702024093039,0.853225157171258,0.852638268468128,0.8520098572816395,0.851340283911669,0.8506299451127554,0.8498792713626137,0.8490887242577637,0.8482587940315437,0.8473899971899902,0.8464828742612001,0.8455379876539597,0.844555919621567,0.8435372703268997,0.842482656004925,0.8413927072189478,0.8402680672070363,0.8391093903151471,0.8379173405135947,0.8366925899936157,0.8354358178408587,0.834147708782747,0.8328289520067416
0.933,1.0,0.9848732621103146,0.9710628347142175,0.9584543567433469,0.9469453859927014,0.936443852534735,0.9268667486453023,0.9181390141693841,0.9101925842020403,0.9029655722181104,0.896401566742592,0.8904490236056256,0.8850607389935203,0.880193391059682,0.8758071399265271,0.8718652775919127,0.8683339206292756,0.8651817397005016,0.8623797208324113,0.8599009541795237,0.8577204466373967,0.8558149552063428,0.8541628384538372,0.8527439238009068,0.8515393886756873,0.8505316538463107,0.8497042874735019,0.8490419186175955,0.8485301591004953,0.8481555327651021,0.8479054112965877,0.8477679558747492,0.847732064017162,0.8477873210510521,0.8479239557196357,0.848132799487541,0.8484052491612218,0.8487332324849547,0.8491091764121262,0.8495259777856865,0.8499769761916999,0.8504559287762395,0.8509569868391097,0.8514746740382912,0.8520038660570599,0.852539771601667,0.8530779146115683,0.8536141175766785,0.8541444858672128,0.8546653929914984,0.8551734667058705,0.8556655759085431,0.8561388182562364,0.856590508448506,0.8570181671301966,0.8574195103673166,0.857792439656,0.8581350324281034,0.8584455330204425,0.8587223440777928,0.858964018362515,0.8591692509461708,0.859336871760662,0.8594658384884383,0.8595552297730489,0.8596042387329156,0.8596121667625937,0.8595784176070708,0.8595024916957522,0.8593839807238316,0.8592225624696088,0.859017995837161,0.858770116114479,0.858478830437846,0.8581441134538143,0.8577660031706673,0.857344596991725,0.8568800479232828,0.8563725609503593,0.8558223895737719,0.8552298325023956,0.8545952304947151,0.8539189633440899,0.8532014470023451,0.8524431308365592,0.8516444950141042,0.8508060480111839,0.8499283242402964,0.8490118817922119,0.8480573002881926,0.8470651788383485,0.8460361341021377,0.844970798447161,0.8438698182025145,0.8427338520030823,0.8415635692212691,0.8403596484827621,0.8391227762630371,0.8378536455614086,0.8365529546495165,0.8352214058912579
0.934,1.0,0.9849479217588502,0.9712113325592773,0.9586758712090553,0.9472390907991032,0.936808912865522,0.9273023179612272,0.9186442315822043,0.9107665723376308,0.9036074355084642,0.8971103900954811,0.8912238714080419,0.8859006544110611,0.8810973955990147,0.8767742332321783,0.8728944374520561,0.8694241031680439,0.8663318797367487,0.8635887323868912,0.8611677311141557,0.859043863411777,0.8571938677379276,0.8555960850693195,0.8542303262672769,0.8530777533003202,0.8521207726361717,0.8513429393442568,0.8507288706440133,0.8502641678001098,0.8499353454076137,0.8497297672319764,0.8496355878735272,0.8496416996166212,0.8497376839017797,0.8499137669269573,0.8501607789429318,0.8504701168590858,0.8508337098205274,0.851243987456587,0.8516938505349053,0.8521766437853514,0.8526861306843345,0.8532164700132827,0.8537621940254786,0.8543181880734797,0.8548796715652777,0.8554421801314422,0.8560015488979792,0.856553896770696,0.8570956116466831,0.8576233364772508,0.8581339561144052,0.8586245848798494,0.8590925548016268,0.8595354044690093,0.8599508684610877,0.8603368673088678,0.8606914979545729,0.8610130246752756,0.8612998704410987,0.8615506086809638,0.8617639554313254,0.8619387618455394,0.8620740070434558,0.8621687912826062,0.8622223294338954,0.8622339447461336,0.8622030628849795,0.8621292062330026,0.8620119884385523,0.8618511092020502,0.8616463492890957,0.8613975657605182,0.8611046874101472,0.860767710401647,0.860386694096296,0.8599617570640556,0.8594930732706936,0.8589808684341163,0.8584254165434051,0.8578270365343756,0.8571860891157485,0.8565029737403017,0.855778125715597,0.8550120134490968,0.8542051358227027,0.8533580196919073,0.852471217504953,0.8515453050375396,0.8505808792387664,0.8495785561841636,0.8485389691317707,0.8474627666773756,0.8463506110051265,0.8452031762298708,0.8440211468276572,0.8428052161509717,0.8415560850253658,0.8402744604242439,0.8389610542186623,0.8376165819991103
0.935,1.0,0.9850229162269403,0.9713605030247555,0.958898398083048,0.9475341488426802,0.9371756674021092,0.9277399217318426,0.9191518221589952,0.9113432700248381,0.9042523416709629,0.8978225858639666,0.8920024167172543,0.8867445873333986,0.8820057319408239,0.877745966364077,0.8739285383480362,0.8705195206309269,0.8674875407899555,0.8648035428144776,0.862440576132793,0.860373608459805,0.858579359367866,0.857036151931324,0.8557237801719775,0.8546233903503263,0.8537173744162856,0.8529892741611073,0.8524236948064499,0.8520062269322551,0.851723375786995,0.8515624971456468,0.8515117389855533,0.8515599883407313,0.8516968227734034,0.8519124659692624,0.8521977470218595,0.8525440630227481,0.8529433446186825,0.8533880242362587,0.8538710067085408,0.8543856420682341,0.8549257002982863,0.8554853478539887,0.8560591257910595,0.8566419293522276,0.8572289888807314,0.857815851943255,0.8583983665572701,0.858972665428828,0.8595351511166348,0.860082482046972,0.8606115593117505,0.8611195141888796,0.8616036963302642,0.8620616625681881,0.8624911662957159,0.8628901473810708,0.8632567225798097,0.8635891764120692,0.863885952475226,0.8641456451650555,0.8643669917809368,0.8645488649928154,0.864690265649617,0.8647903159105197,0.8648482526820793,0.8648634213455686,0.8648352697601586,0.8647633425286652,0.8646472755135948,0.8644867905920922,0.8642816906392271,0.8640318547297208,0.8637372335489111,0.8633978450042756,0.8630137700293947,0.8625851485726715,0.8621121757635584,0.8615950982494215,0.8610342106965029,0.8604298524487762,0.8597824043387459,0.8590922856445243,0.8583599511877402,0.8575858885670614,0.8567706155223102,0.8559146774243316,0.8550186448859608,0.8540831114895822,0.8531086916269333,0.8520960184469548,0.8510457419075993,0.8499585269276747,0.8488350516348874,0.8476760057063911,0.8464820887982446,0.8452540090602952,0.8439924817331161,0.8426982278237147,0.8413719728568316,0.840014445698758
0.936,1.0,0.9850982467474646,0.9715103486268934,0.9591219412037143,0.9478305653116373,0.937544122699621,0.9281795678862539,0.9196617952003707,0.9119226879242873,0.9049003027062003,0.8985381673605242,0.8927846741219726,0.8875925535827599,0.882918417091555,0.8787223574574979,0.8749675994829667,0.8716201932227828,0.8686487439960078,0.8660241741072428,0.863719512005215,0.8617097052473276,0.8599714541737553,0.858483063642672,0.8572243105547799,0.8561763252128599,0.8553214848307635,0.8546433177342722,0.854126416990369,0.8537563623671595,0.8535196496685211,0.8534036266093336,0.8533964345019017,0.8534869551145849,0.8536647621418084,0.8539200767923836,0.8542437270618998,0.8546271103062006,0.8550621587775986,0.8555413078245655,0.8560574664897814,0.8566039902714294,0.8571746558389373,0.8577636375175408,0.8583654853764596,0.8589751047734745,0.8595877372246189,0.8601989424817534,0.8608045817132641,0.8614008016941618,0.861984019921659,0.862550910581,0.8630983912940504,0.8636236105900245,0.8641239360438486,0.8645969430330965,0.8650404040692957,0.8654522786637062,0.865830703691546,0.8661739842220536,0.8664805847848561,0.8667491210458367,0.8669783518681343,0.8671671717360873,0.8673146035218771,0.8674197915763558,0.8674819951271001,0.8675005819681066,0.8674750224267906,0.8674048835950475,0.8672898238121268,0.8671295873879489,0.8669239995562924,0.86667296164798,0.86637644647483,0.8660344939157159,0.8656472066965691,0.8652147463566503,0.8647373293938047,0.8642152235818022,0.8636487444532072,0.8630382519415208,0.8623841471766319,0.8616868694278534,0.8609468931890756,0.8601647254007649,0.8593409028037465,0.858475989419899,0.8575705741550401,0.8566252685194738,0.8556407044617959,0.8546175323117048,0.8535564188277087,0.8524580453457326,0.8513231060247655,0.8501523061857965,0.8489463607404067,0.8477059927054905,0.8464319318006814,0.8451249131251761,0.8437856759107223,0.8424149623476608
0.937,1.0,0.9851739145568941,0.9716608718894469,0.9593465044211218,0.9481283454101737,0.937914285333546,0.9286212643782722,0.920174160035886,0.912504836729587,0.9055513306515414,0.8992571479378607,0.8935706582542123,0.8884445690273043,0.8838354681057186,0.8797034246973704,0.8760116401106278,0.8727261411995322,0.8698155105416131,0.8672506483071828,0.8650045615495509,0.863052177286288,0.8613701762763487,0.8599368448457189,0.8587319424906954,0.8577365833053595,0.85693312954841,0.856305095892455,0.8558370630929208,0.8555145999793847,0.8553241928139325,0.8552531811828856,0.8552896996929769,0.8554226248334239,0.8556415264435044,0.8559366232929562,0.856298742341364,0.8567192812939106,0.8571901741155252,0.8577038592045064,0.8582532499608565,0.8588317075145399,0.8594330154051923,0.8600513560279721,0.8606812886806386,0.8613177290649505,0.8619559301113646,0.8625914640100903,0.8632202053439879,0.8638383152298461,0.8644422263843448,0.8650286290397117,0.8655944576417893,0.8661368782700904,0.8666532767255357,0.8671412472369864,0.8675985817425278,0.8680232597057751,0.868413438431302,0.8687674438467259,0.8690837617220248,0.8693610292993976,0.8695980273093927,0.8697936723512025,0.8699470096169545,0.8700572059415524,0.8701235431611605,0.8701454117647995,0.870122304824748,0.87005381219254,0.869939614948337,0.8697794800923075,0.8695732554674618,0.8693208649040614,0.8690223035763773,0.8686776335631093,0.8682869796033139,0.8678505250401205,0.8673685079449435,0.8668412174152564,0.8662689900393408,0.8656522065217277,0.8649912884633139,0.8642866952904122,0.8635389213272027,0.8627484930062934,0.8619159662122668,0.8610419237533031,0.8601269729561171,0.8591717433796252,0.8581768846428899,0.8571430643630622,0.8560709661991323,0.8549612879974849,0.8538147400353164,0.8526320433581455,0.8514139282077215,0.8501611325367707,0.8488744006071077,0.8475544816677612,0.8462021287098477,0.8448180972950354
0.9380000000000001,1.0,0.9852499208952917,0.9718120753437027,0.959572091597046,0.948427494358517,0.9382861618997805,0.9290650191864686,0.9206889260240931,0.9130897271673925,0.9062054375811854,0.8999795409889777,0.894360383789346,0.8893006495811664,0.8847569020859146,0.8806891863182867,0.8770606795354499,0.8738373848681162,0.8709878616642305,0.868482987506108,0.8662957476321284,0.864401048134524,0.8627755498393046,0.8613975202220506,0.8602467010896147,0.8593041900751325,0.858552334262245,0.8579746344823042,0.8575556590223433,0.8572809656471666,0.8571370309807084,0.8571111864134787,0.8571915598076594,0.8573670223617289,0.8576271400746593,0.8579621293174017,0.8583628160782326,0.8588205984997079,0.8593274123696297,0.85987569926747,0.8604583771018227,0.8610688128044505,0.8617007969727661,0.8623485202757695,0.8630065514588275,0.863669816800685,0.8643335808919824,0.8649934286185987,0.8656452482455833,0.8662852155084578,0.8669097786284401,0.8675156441768231,0.8680997637214453,0.8686593211950373,0.869191720931325,0.8696945763201885,0.8701656990379962,0.870603088813545,0.8710049236938421,0.8713695507774062,0.8716954773857748,0.8719813626466332,0.872226009464401,0.8724283568562432,0.872587472633427,0.8727025464096307,0.8727728829193622,0.8727978956309959,0.8727771006401623,0.8727101108303124,0.8725966302882459,0.8724364489632633,0.8722294375593874,0.8719755426507746,0.8716747820110843,0.8713272401481135,0.8709330640355157,0.870492459033871,0.8700056849937863,0.8694730525340633,0.8688949194883144,0.8682716875137034,0.8676037988557654,0.8668917332635127,0.8661360050492594,0.8653371602878223,0.8644957741499385,0.8636124483649311,0.8626878088078245,0.8617225032062683,0.8607171989627828,0.8596725810879756,0.8585893502405222,0.8574682208698277,0.856309919457406,0.8551151828531443,0.8538847567027213,0.8526193939625684,0.8513198534988614,0.8499868987671493,0.8486212965693047,0.8472238158846093
0.939,1.0,0.9853262670063283,0.971963961528495,0.9597987066049956,0.9487280173929612,0.9386597590146766,0.9295108403142249,0.9212061025526019,0.9136773699974728,0.9068626356062341,0.9007053599472296,0.8951538654461612,0.8901608112045019,0.885682736182868,0.8816796606045135,0.8781147371125021,0.8749539445864593,0.8721658186519927,0.8697212138455271,0.8675930931673171,0.8657563413955705,0.8641875990689398,0.8628651144921836,0.8617686114959519,0.8608791709989387,0.8601791246890244,0.8596519593678722,0.859282230697354,0.8590554852517427,0.8589581899213327,0.8589776678348192,0.8591020400724514,0.8593201725323055,0.8596216273901273,0.8599966186609006,0.8604359714290829,0.8609310843656681,0.8614738951948436,0.8620568488120443,0.8626728677893465,0.8633153250340916,0.8639780183929296,0.864655147016615,0.8653412893212635,0.8660313823997509,0.8667207027528322,0.867404848223571,0.8680797210311135,0.8687415118108471,0.8693866845777404,0.8700119625383257,0.8706143146844861,0.8711909431090394,0.8717392709891881,0.8722569311893205,0.8727417554394594,0.8731917640499299,0.8736051561266462,0.8739803002548082,0.8743157256218322,0.8746101135530274,0.8748622894359553,0.8750712150115318,0.8752359810118541,0.8753558001264372,0.8754300002800671,0.8754580182068188,0.8754393933060255,0.8753737617670307,0.8752608509505461,0.8751004740152781,0.8748925247792839,0.8746369728061615,0.8743338587068501,0.8739832896483236,0.8735854350609813,0.8731405225369832,0.8726488339121756,0.8721107015246172,0.8715265046430508,0.8708966660589607,0.8702216488361257,0.869501953211838,0.8687381136441769,0.8679306959999401,0.8670802948780357,0.8661875310633171,0.8652530491060039,0.8642775150220167,0.8632616141096696,0.8622060488783356,0.8611115370848209,0.8599788098733188,0.858808610014934,0.8576016902428891,0.85635881167965,0.8550807423522974,0.853768255792596,0.852422129718328,0.8510431447925226,0.8496320834573632
0.94,1.0,0.9854029541372837,0.9721165329902224,0.9600263533302368,0.9490299197658997,0.9390350833150871,0.9299587357897923,0.9217256990381407,0.9142677760127701,0.9075229368747502,0.9014346182863892,0.8959511179869157,0.8910250699035303,0.8866129875954533,0.8826748658900044,0.8791738322474788,0.876075840763423,0.8733494028436312,0.8709653495165366,0.8688966211173772,0.8671180807184566,0.8656063482139734,0.8643396524152532,0.8632976988882791,0.862461551582566,0.8618135265687591,0.8613370964300686,0.8610168040465432,0.860838184676679,0.8607876953825585,0.860852650966344,0.861021165690618,0.8612821001453653,0.86162501270248,0.8620401150663715,0.8625182314880151,0.8630507612609977,0.863629644162705,0.8642473285428296,0.8648967417954876,0.8655712629812005,0.8662646973912579,0.8669712528701266,0.8676855177319333,0.8684024401250124,0.8691173087143834,0.8698257345660435,0.8705236341293778,0.871207213224988,0.8718729519549818,0.872517590461432,0.8731381154663744,0.8737317475335581,0.8742959289982151,0.8748283125165108,0.8753267501911547,0.8757892832338866,0.8762141321294035,0.8765996872686312,0.876944500022303,0.8772472742284538,0.8775068580698739,0.8777222363196591,0.8778925229349211,0.8780169539804058,0.8780948808652782,0.8781257638776708,0.8781091660028129,0.878044747011604,0.8779322578074662,0.877771535020163,0.8775624958360263,0.8773051330547165,0.8769995103632727,0.8766457578187126,0.8762440675309857,0.8757946895384853,0.8752979278687409,0.8747541367772765,0.874163717157932,0.8735271131182517,0.8728448087138173,0.8721173248356399,0.8713452162449563,0.8705290687499933,0.8696694965194463,0.8687671395276052,0.8678226611262276,0.8668367457384292,0.8658100966699858,0.8647434340336193,0.863637492781941,0.8624930208448847,0.8613107773675608,0.8600915310446088,0.8588360585472175,0.857545143039113,0.8562195727779098,0.8548601397983496,0.8534676386740154,0.8520428653542665
0.941,1.0,0.9854799835390585,0.972269792282864,0.9602550356698247,0.949333206745868,0.9394121414584092,0.9304087136663407,0.922247724926613,0.914860956039464,0.908186353571825,0.9021673295207036,0.8967521562173879,0.8918934417305796,0.8875476735707273,0.8836748205584034,0.8802379843966829,0.8772030938587616,0.8745386356283966,0.872215416759701,0.870206354492292,0.8684862897974968,0.8670318215652714,0.8658211587887089,0.8648339884789583,0.8640513573604033,0.8634555656642231,0.8630300715661079,0.8627594050077559,0.862629089807193,0.8626255731046668,0.8627361613124196,0.8629489618413214,0.8632528299676037,0.863637320281022,0.8640926422234366,0.864609619285574,0.8651796514809083,0.8657946807601994,0.866447159069243,0.8671300187864798,0.8678366453070832,0.8685608515663784,0.8692968543185968,0.8700392520073134,0.8707830040818744,0.8715234116299774,0.8722560992105829,0.8729769977837305,0.8736823286448345,0.8743685882807469,0.8750325340735358,0.875671170785584,0.8762817377664213,0.8768616968277674,0.8774087207386325,0.8779206822971207,0.8783956439398266,0.8788318478535194,0.8792277065571685,0.8795817939253835,0.879892836627,0.8801597059549313,0.8803814100255328,0.8805570863276047,0.8806859946028407,0.8807675100410447,0.880801116774757,0.8807864016591291,0.880723048323948,0.8806108314856598,0.8804496115080849,0.8802393292012733,0.8799800008486239,0.8796717134529973,0.8793146201930929,0.8789089360818428,0.8784549338190253,0.8779529398306735,0.877403330488238,0.8768065285007606,0.876162999473618,0.8754732486276829,0.87473781767295,0.8739572818309485,0.8731322470004363,0.8722633470610829,0.8713512413100233,0.8703966120263241,0.8694001621585848,0.8683626131310215,0.8672847027635424,0.866167183301447,0.8650108195505244,0.8638163871134353,0.862584670723406,0.8613164626713479,0.860012561322666,0.8586737697201022,0.8573008942690798,0.8558947435021195,0.8544561269190001
0.942,1.0,0.9855573564661796,0.9724237419679977,0.9604847575326237,0.9496378836175723,0.9397909401226321,0.9308607820220107,0.9227721896931597,0.9154569209370341,0.9088528979196389,0.90290350720496,0.8975569949869356,0.8927659427841297,0.8884868114039531,0.8846795430430585,0.881307213067007,0.8783357243830755,0.8757335384459805,0.8734714378649362,0.8715223163496131,0.8698609923720855,0.8684640434555863,0.8673096584479956,0.8663775055137728,0.8656486138950117,0.8651052677604634,0.8647309106889587,0.8645100595274774,0.8644282265294705,0.8644718488207181,0.8646282243615302,0.8648854536787515,0.8652323867312726,0.8656585743508121,0.8661542237673899,0.8667101577876681,0.8673177772454965,0.8679690263885993,0.8686563609043276,0.8693727183215124,0.8701114905553751,0.8708664983887201,0.8716319677057399,0.8724025073151166,0.8731730882170378,0.8739390241846032,0.8746959535440846,0.8754398220509086,0.8761668667691905,0.8768736008723756,0.8775567992911766,0.8782134851426301,0.8788409168809239,0.8794365761166529,0.8799981560565551,0.8805235505205367,0.8810108434970471,0.881458299201644,0.8818643526069362,0.8822276004151001,0.8825467924468107,0.8828208234228136,0.8830487251164515,0.8832296588573643,0.8833629083682253,0.8834478729178896,0.8834840607756352,0.8834710829523783,0.8834086472157795,0.8832965523671145,0.8831346827685959,0.8829230031106193,0.8826615534090217,0.8823504442230975,0.8819898520856042,0.8815800151364983,0.8811212289525691,0.8806138425655229,0.8800582546614281,0.8794549099547441,0.8788042957304633,0.8781069385481344,0.8773634011018111,0.8765742792301605,0.8757401990712029,0.8748618143563203,0.8739398038383736,0.872974868848915,0.8719677309796652,0.870919129883543,0.8698298211907154,0.8687005745352402,0.867532171688021,0.8663254047919222,0.8650810746949983,0.8637999893779303,0.8624829624718575,0.8611308118629234,0.8597443583799421,0.8583244245617238,0.8568718335006746
0.943,1.0,0.9856350741768092,0.9725783846148155,0.9607155228393401,0.949943955681933,0.9401714860063798,0.9313149489599732,0.9232991028422164,0.9160556815983226,0.9095225821775264,0.9036431649345407,0.8983656491885446,0.893642589208852,0.8894304184386276,0.8856890518270226,0.8823815378159194,0.8794737528977647,0.8769341327864321,0.8747334351713874,0.8728445297942937,0.8712422122264828,0.8699030382592974,0.8688051762662401,0.86792827527155,0.8672533467766893,0.8667626586643048,0.8664396397267798,0.8662687935602063,0.8662356207299793,0.8663265482558068,0.8665288655854693,0.8668306663312556,0.8672207951332496,0.8676887990916766,0.8682248832781602,0.8688198698944849,0.8694651606986155,0.870152702362297,0.8708749544635574,0.8716248598515112,0.8723958171508044,0.8731816551992619,0.8739766092354339,0.8747752986730386,0.8755727063172589,0.8763641588936711,0.8771453087745741,0.8779121167998668,0.878660836100582,0.8793879968428928,0.880090391819019,0.880765062819108,0.8814092877249349,0.8820205682723096,0.8825966184344147,0.8831353533830761,0.8836348789891781,0.8840934818272174,0.8845096196523232,0.8848819123210582,0.8852091331299538,0.8854902005480996,0.8857241703221965,0.8859102279343519,0.8860476813945569,0.8861359543512645,0.8861745795047905,0.8861631923094603,0.886101524951433,0.8859894005900896,0.8858267278516919,0.885613495564762,0.885349767727289,0.8850356786964719,0.8846714285922229,0.8842572789061455,0.8837935483081187,0.8832806086430144,0.8827188811104116,0.8821088326204992,0.881450972319639,0.8807458482793247,0.8799940443425199,0.8791961771215685,0.8783528931420861,0.8774648661274301,0.8765327944185218,0.8755573985239609,0.8745394187955438,0.8734796132244214,0.8723787553533056,0.8712376323002473,0.8700570428896535,0.8688377958863279,0.8675807083284572,0.8662866039555633,0.8649563117275822,0.8635906644313174,0.8621904973706531,0.8607566471369948,0.8592899504565343
